"","mahal_RBF1","mahal_RBF2","mahal_RBF3","mahal_RBF4","t_mat","Asset_norm","Bias"
"1",9.40845117042351,6.14579961387983,4.46152673916456,1.97307236270299,0.720547945205479,1.03322314049587,1
"2",9.26087398279358,6.019976342707,4.06884652645642,1.58276900569866,0.720547945205479,1.00016,1
"3",9.19022711406843,6.00708730219598,3.83331815676642,1.57612197743029,0.720547945205479,0.969147286821705,1
"4",9.18506151214367,6.08848020592583,3.75170379482456,1.89594635066606,0.720547945205479,0.94,1
"5",9.31218516962816,6.05198108091604,4.28638467797465,1.78098670589368,0.717808219178082,1.02280991735537,1
"6",9.18833451607872,5.96215246835706,3.93614556306874,1.49470451721388,0.717808219178082,0.99008,1
"7",9.1395508841971,5.98248121335894,3.74794477817093,1.61543504131259,0.717808219178082,0.95937984496124,1
"8",9.15415699337226,6.09309571649814,3.71422199284201,2.01743737679758,0.717808219178082,0.930526315789474,1
"9",9.25364348658363,5.99502244711672,4.20488837116308,1.69676444526153,0.715068493150685,1.01933884297521,1
"10",9.13749300698912,5.91710485804787,3.8676083013415,1.44630779379969,0.715068493150685,0.98672,1
"11",9.09597234809442,5.94879200391875,3.69474639651033,1.61245830036529,0.715068493150685,0.956124031007752,1
"12",9.1173022926004,6.0697217600327,3.67730266843818,2.0439383086457,0.715068493150685,0.927368421052632,1
"13",8.95193015089633,5.71598512218525,3.74899509734852,1.26627116255794,0.701369863013699,0.996,1
"14",8.88971311337929,5.71892909200997,3.51988041641525,1.33062742271952,0.701369863013699,0.965116279069767,1
"15",8.89407215260431,5.81881373874158,3.45617289549813,1.74598038806609,0.701369863013699,0.93609022556391,1
"16",9.08714819850432,5.82458436563871,4.20231414792741,1.75067773797918,0.698630136986301,1.03537190082645,1
"17",8.93060480057703,5.68614086470112,3.77400386630578,1.27061618592158,0.698630136986301,1.00224,1
"18",8.85416196012053,5.6677653038502,3.51066316754569,1.24101969697226,0.698630136986301,0.971162790697674,1
"19",8.84609142423516,5.74998874928287,3.41418922071716,1.61405007139134,0.698630136986301,0.941954887218045,1
"20",9.03587380368628,5.77320510912379,4.14219256796711,1.6894988451356,0.695890410958904,1.03371900826446,1
"21",8.88279994685408,5.64021569953999,3.71753293836129,1.21634359004877,0.695890410958904,1.00064,1
"22",8.80984540810087,5.62763900335904,3.45996434653548,1.21320391364085,0.695890410958904,0.969612403100775,1
"23",8.80519893856907,5.71562803273311,3.37122035337092,1.61120016079317,0.695890410958904,0.940451127819549,1
"24",8.98191733326989,5.71921721007503,4.07482861059484,1.61910996794884,0.693150684931507,1.03157024793388,1
"25",8.83354105559686,5.59361458240128,3.65612440065454,1.1589857721394,0.693150684931507,0.99856,1
"26",8.76519730396407,5.58859715859625,3.40700785342562,1.19203515036792,0.693150684931507,0.967596899224806,1
"27",8.7649780299975,5.68385963002752,3.32874897989485,1.61881039838329,0.693150684931507,0.938496240601504,1
"28",8.7386532370835,5.4879522614731,3.63690478476435,1.12687030277868,0.684931506849315,1.0072,1
"29",8.64981373409438,5.45246885181546,3.33477088016713,1.00826418083654,0.684931506849315,0.975968992248062,1
"30",8.63212412627922,5.52365065109983,3.2073617746775,1.38735068254267,0.684931506849315,0.946616541353383,1
"31",8.89678637798587,5.63793573676706,4.14114882801645,1.77605026945848,0.682191780821918,1.04479338842975,1
"32",8.71379492968267,5.4591092474187,3.65038734124176,1.14646843709592,0.682191780821918,1.01136,1
"33",8.6149360567712,5.40833904780022,3.3239002027627,0.947717371130425,0.682191780821918,0.98,1
"34",8.58852188431439,5.46692019589834,3.17236518480096,1.28942724298388,0.682191780821918,0.950526315789474,1
"35",8.82324421602963,5.56227781459766,4.02666879642135,1.64519758237989,0.679452054794521,1.0398347107438,1
"36",8.65190639251848,5.40157792504676,3.5526835738617,1.04335031236261,0.679452054794521,1.00656,1
"37",8.56412568981636,5.36858017415686,3.24793553013578,0.931700887862045,0.679452054794521,0.975348837209302,1
"38",8.54801798577959,5.44355909909431,3.12185308486085,1.34369410408753,0.679452054794521,0.946015037593985,1
"39",8.75017543432019,5.48787497685519,3.91089993939764,1.51159917329491,0.676712328767123,1.03471074380165,1
"40",8.59099520562438,5.34626897214237,3.45533913478325,0.945430505824534,0.676712328767123,1.0016,1
"41",8.514722228749,5.33179488607602,3.17430152628905,0.934610430583658,0.676712328767123,0.970542635658915,1
"42",8.50927212865155,5.42367229169316,3.07547163591586,1.40990111146196,0.676712328767123,0.941353383458647,1
"43",8.78719931620526,5.5303939119535,4.07696822391933,1.75466131965416,0.673972602739726,1.04694214876033,1
"44",8.59685780324178,5.3401344247619,3.56515436123471,1.07489220801857,0.673972602739726,1.01344,1
"45",8.49218988557669,5.28129770235928,3.21816320951086,0.816249091889989,0.673972602739726,0.982015503875969,1
"46",8.46147753147376,5.33527538938597,3.0503771583741,1.16916714755183,0.673972602739726,0.952481203007519,1
"47",8.61052783508354,5.34993823451399,3.84410894774292,1.51146772387503,0.665753424657534,1.03900826446281,1
"48",8.43821580018754,5.18800731331104,3.35284934083766,0.849585992930662,0.665753424657534,1.00576,1
"49",8.35123577800105,5.15848803070677,3.03652069369445,0.742391880742058,0.665753424657534,0.974573643410853,1
"50",8.33747625952912,5.24078492728405,2.90925546106601,1.23840121397583,0.665753424657534,0.945263157894737,1
"51",8.5432079061715,5.28130944886663,3.74237409286424,1.39680314335715,0.663013698630137,1.03487603305785,1
"52",8.38079866102747,5.13517301653782,3.26515777822534,0.756267752458811,0.663013698630137,1.00176,1
"53",8.30328368273504,5.12123697302825,2.96806763005614,0.750494242643913,0.663013698630137,0.970697674418605,1
"54",8.29836425574654,5.21790543333308,2.86405116775881,1.29956562064392,0.663013698630137,0.941503759398496,1
"55",8.43993143775226,5.17767284328998,3.53772444958159,1.1365875098395,0.66027397260274,1.02413223140496,1
"56",8.30438234443423,5.07466994444877,3.10749200763948,0.614356487563505,0.66027397260274,0.99136,1
"57",8.25179959097036,5.10098965668052,2.86935048754229,0.882097053161487,0.66027397260274,0.96062015503876,1
"58",8.26948472799028,5.23279964546369,2.82945890217169,1.50500575379185,0.66027397260274,0.931729323308271,1
"59",8.64228449423819,5.40217269111822,4.13360470919992,1.97163022929984,0.657534246575342,1.06068376068376,1
"60",8.40621326179665,5.1436692993252,3.52583430543811,1.14573864717814,0.657534246575342,1.02561983471074,1
"61",8.26639661943219,5.03404846495372,3.08386641413162,0.582113909167608,0.657534246575342,0.9928,1
"62",8.2102849932781,5.05540840908023,2.83410144820311,0.829096303989612,0.657534246575342,0.962015503875969,1
"63",8.22517301624159,5.18394784307245,2.78505873442346,1.45897002905003,0.657534246575342,0.933082706766917,1
"64",8.42778961559454,5.16670340851161,3.66677020004521,1.37188014660792,0.654794520547945,1.03636363636364,1
"65",8.25978176707174,5.01191895268726,3.16941813714906,0.670729309074173,0.654794520547945,1.0032,1
"66",8.17819111704536,4.99300838863109,2.85388506032181,0.628574908357518,0.654794520547945,0.972093023255814,1
"67",8.17064042945475,5.08816091799744,2.7377900988482,1.21683883167365,0.654794520547945,0.942857142857143,1
"68",8.2485171175928,4.98581323488117,3.41525706360785,1.10439155727083,0.646575342465753,1.02727272727273,1
"69",8.10243473487594,4.86694203778736,2.94690965803086,0.436497353529452,0.646575342465753,0.9944,1
"70",8.04208138887139,4.88412020366621,2.67496564290793,0.70091621830033,0.646575342465753,0.963565891472868,1
"71",8.05459575014732,5.01290994951343,2.61453093565403,1.37519193283384,0.646575342465753,0.934586466165414,1
"72",8.24109797944108,4.97934771470299,3.47893011575336,1.22822119665672,0.643835616438356,1.03305785123967,1
"73",8.07928827445089,4.83501185887204,2.9778701599318,0.484583704117412,0.643835616438356,1,1
"74",8.00488936066731,4.83001095308477,2.66711137929747,0.566114944942018,0.643835616438356,0.968992248062015,1
"75",8.00521153678601,4.94099220690647,2.56799488474941,1.23726427153884,0.643835616438356,0.93984962406015,1
"76",8.24852761696845,4.99069049120704,3.58042929805279,1.40251009828448,0.641095890410959,1.04066115702479,1
"77",8.06601866763586,4.81276262955964,3.04024685676748,0.605505249638836,0.641095890410959,1.00736,1
"78",7.97289524023582,4.77764047859602,2.68101030868641,0.405938276857662,0.641095890410959,0.976124031007752,1
"79",7.95674665731598,4.86372189958313,2.53035071062333,1.05905312953117,0.641095890410959,0.946766917293233,1
"80",8.43500742754182,5.21602742475631,4.11265556213658,2.12575742612736,0.638356164383562,1.06991452991453,1
"81",8.1672751329458,4.90630201418678,3.43990710581707,1.23957569086921,0.638356164383562,1.03454545454545,1
"82",8.00031058348028,4.75377550808615,2.92202738724575,0.454085655699282,0.638356164383562,1.00144,1
"83",7.92193364078161,4.74345968711101,2.59459478060018,0.492355152116862,0.638356164383562,0.970387596899225,1
"84",7.91942173664475,4.85194930440578,2.48341137011017,1.18723871296978,0.638356164383562,0.941203007518797,1
"85",8.11541923125407,4.85394755237357,3.37878220015908,1.18784463885748,0.635616438356164,1.03289256198347,1
"86",7.95223534285649,4.70774484330672,2.86353535703897,0.394797092348224,0.635616438356164,0.99984,1
"87",7.87773061580763,4.7044215333601,2.54223020722897,0.50849030601519,0.635616438356164,0.968837209302326,1
"88",7.87906323044144,4.81992190069617,2.44130550196314,1.21841945624553,0.635616438356164,0.939699248120301,1
"89",7.900796171774,4.63809151596602,3.10841086615979,0.954027248566761,0.624657534246575,1.02479338842975,1
"90",7.75713973195623,4.5251484635382,2.6121185248045,0.130226264950928,0.624657534246575,0.992,1
"91",7.70216371743571,4.55699492110521,2.3281217150128,0.66266101291663,0.624657534246575,0.961240310077519,1
"92",7.72245920407467,4.70636368421955,2.2832761204707,1.3956027699995,0.624657534246575,0.932330827067669,1
"93",7.80640981947602,4.54629150421762,2.90837110738758,0.698695670129471,0.621917808219178,1.01487603305785,1
"94",7.68926049171236,4.47840881103122,2.46157068404769,0.126088945183603,0.621917808219178,0.9824,1
"95",7.65883183868557,4.55161783295004,2.24600526915438,0.899231948813317,0.621917808219178,0.951937984496124,1
"96",7.70124533992957,4.73592071654995,2.27622363416482,1.62605666573769,0.621917808219178,0.923308270676692,1
"97",7.82890675512038,4.56639232321166,3.07922954792533,0.999097519913358,0.619178082191781,1.02677685950413,1
"98",7.6787365757965,4.4429655445619,2.56164714430689,0.167896709061936,0.619178082191781,0.99392,1
"99",7.61862781070159,4.46785931857165,2.25573453109269,0.619029310059567,0.619178082191781,0.963100775193798,1
"100",7.63514377693931,4.6137160724133,2.19531587291111,1.35387564107029,0.619178082191781,0.934135338345865,1
"101",7.78824215045123,4.52580402126258,3.05071238809388,1.00335510015055,0.616438356164384,1.02694214876033,1
"102",7.63704551598499,4.40086762989682,2.52659186365672,0.182941633374412,0.616438356164384,0.99408,1
"103",7.57641833185359,4.42569767320285,2.21518297746868,0.621157790853587,0.616438356164384,0.963255813953488,1
"104",7.59287377440654,4.57266534065112,2.15307034768724,1.3540673664116,0.616438356164384,0.934285714285714,1
"105",7.64876904836617,4.38612816591482,2.91222731724311,0.952619635585736,0.608219178082192,1.02446280991736,1
"106",7.50276709203866,4.27083289872706,2.38315183194831,0.225935829464045,0.608219178082192,0.99168,1
"107",7.44820194663663,4.30847645630187,2.0762147538574,0.711959612036562,0.608219178082192,0.96093023255814,1
"108",7.47128395248119,4.46963106611064,2.03355746236609,1.43052778298533,0.608219178082192,0.93203007518797,1
"109",7.67750257498838,4.41977470883745,3.09529356237196,1.23833651596118,0.605479452054794,1.03570247933884,1
"110",7.49926305914431,4.24931477428671,2.50594770854648,0.446059036809006,0.605479452054794,1.00256,1
"111",7.41542650860743,4.23763272114316,2.11432451319102,0.483906356908586,0.605479452054794,0.971472868217054,1
"112",7.41275811240231,4.35889510908864,1.97621245584113,1.18442468003023,0.605479452054794,0.942255639097744,1
"113",7.62840059816403,4.37010938828231,3.04397288090781,1.21663538113207,0.602739726027397,1.03454545454545,1
"114",7.45270629972397,4.20406795394459,2.45373250861414,0.446762474816853,0.602739726027397,1.00144,1
"115",7.37167269457411,4.19796135434032,2.06425415022392,0.531488919162063,0.602739726027397,0.970387596899225,1
"116",7.37194841577996,4.32524437192956,1.9340145422123,1.22207190134107,0.602739726027397,0.941203007518797,1
"117",7.60721960986579,4.35168003783541,3.07471137973323,1.29803089951355,0.6,1.03752066115702,1
"118",7.42233445096128,4.16988000350035,2.46537895469365,0.528336542002558,0.6,1.00432,1
"119",7.33321892784765,4.15044847789103,2.05015939432268,0.502036186794375,0.6,0.973178294573643,1
"120",7.32665361367288,4.26777205641643,1.892247222687,1.16883647714332,0.6,0.94390977443609,1
"121",7.52498776518253,4.26513803424469,2.92520297262149,1.15925534623416,0.597260273972603,1.03140495867769,1
"122",7.356828548172,4.11231832378787,2.33683585040787,0.454160738904519,0.597260273972603,0.9984,1
"123",7.28367308843821,4.12148074682871,1.9578250842933,0.644583402185124,0.597260273972603,0.967441860465116,1
"124",7.29187878736275,4.26423726618028,1.85188462570423,1.31846150547438,0.597260273972603,0.938345864661654,1
"125",7.6596239133456,4.45294239040266,3.54502189493963,1.99329322183423,0.589041095890411,1.06444444444444,1
"126",7.38680141184121,4.12635680010867,2.79811022761305,1.15039420725979,0.589041095890411,1.02925619834711,1
"127",7.22279210892013,3.98126097009814,2.20023907481986,0.537919725955583,0.589041095890411,0.99632,1
"128",7.1548715883753,4.00224764349914,1.81906109071949,0.768381700442441,0.589041095890411,0.965426356589147,1
"129",7.16909427584523,4.15896381274619,1.72933327263713,1.41240197693221,0.589041095890411,0.936390977443609,1
"130",7.36909275742489,4.11132549586005,2.84443094858063,1.24985840861793,0.586301369863014,1.03289256198347,1
"131",7.19376946574985,3.94636863598066,2.22333677516455,0.613032877839678,0.586301369863014,0.99984,1
"132",7.11585695650313,3.95057644615508,1.80854485521829,0.736895751446207,0.586301369863014,0.968837209302326,1
"133",7.12159014177645,4.09484402757367,1.68181473672834,1.35263709712464,0.586301369863014,0.939699248120301,1
"134",7.31240113259428,4.05321174283817,2.77022432157553,1.21488719961608,0.583561643835616,1.03057851239669,1
"135",7.14313188481354,3.89909514756779,2.15272968324615,0.626804301874172,0.583561643835616,0.9976,1
"136",7.07131126326194,3.91504895971668,1.74845958200594,0.806985784525001,0.583561643835616,0.966666666666667,1
"137",7.08296321215878,4.0705261543441,1.64293945214377,1.42071713758881,0.583561643835616,0.937593984962406,1
"138",7.2852526030813,4.02800136555555,2.78814659612647,1.28109773511873,0.580821917808219,1.03272727272727,1
"139",7.10891511120419,3.8613993202696,2.15436140338086,0.685298073013816,0.580821917808219,0.99968,1
"140",7.03103222896515,3.86743957599673,1.72702327559653,0.806395291297013,0.580821917808219,0.968682170542636,1
"141",7.03771961100919,4.01622543505863,1.59775365846805,1.39611944390857,0.580821917808219,0.939548872180451,1
"142",7.24839112440962,3.99208320114703,2.77618500882117,1.31474873397818,0.578082191780822,1.03338842975207,1
"143",7.06932865671741,3.82067882715318,2.13279149673795,0.729607024577245,0.578082191780822,1.00032,1
"144",6.98940880485651,3.82396305176833,1.69335958741286,0.831549543931545,0.578082191780822,0.969302325581395,1
"145",6.99474048630458,3.97200678714068,1.55493233745863,1.40413603511342,0.578082191780822,0.94015037593985,1
"146",7.08271262975353,3.82248943216501,2.56744148764546,1.25109334071046,0.56986301369863,1.02710743801653,1
"147",6.92025210126045,3.6815319804997,1.93023407433664,0.805929274882699,0.56986301369863,0.99424,1
"148",6.85723812075981,3.71849437619299,1.51764901097865,1.02775069906473,0.56986301369863,0.963410852713178,1
"149",6.87914295685663,3.89886102450966,1.44330410282798,1.59856232937719,0.56986301369863,0.934436090225564,1
"150",7.00656668451421,3.74417589069798,2.4238693648683,1.17269977409099,0.567123287671233,1.02148760330579,1
"151",6.86048716835397,3.63368711796034,1.80600686961763,0.837443590720622,0.567123287671233,0.9888,1
"152",6.81308133480886,3.70012507179208,1.43600716816681,1.14937073728481,0.567123287671233,0.958139534883721,1
"153",6.84934439581801,3.90557544352991,1.42806995552183,1.73440916249511,0.567123287671233,0.929323308270677,1
"154",7.02508542256977,3.76839405673019,2.60043302766108,1.3764422529381,0.564383561643836,1.03094017094017,1
"155",6.8453685891247,3.60140952476204,1.91223910243295,0.900682059982712,0.564383561643836,0.996859504132231,1
"156",6.77365639443616,3.62971571474198,1.451340920325,1.0741350375417,0.564383561643836,0.96496,1
"157",6.79400929952017,3.81563261130112,1.35811903967007,1.63318261515831,0.564383561643836,0.935038759689922,1
"158",6.88985686327386,4.11242519628542,1.62799618836146,2.26755372653139,0.564383561643836,0.906917293233083,1
"159",6.99668706728721,3.74234061042281,2.61823479267249,1.43842401338858,0.561643835616438,1.03282051282051,1
"160",6.81020454088709,3.5629737669054,1.9147982044502,0.951986965641736,0.561643835616438,0.998677685950413,1
"161",6.73278888323624,3.58187559065802,1.42945739617242,1.08601730976617,0.561643835616438,0.96672,1
"162",6.7486000798693,3.76205865310897,1.31052639856865,1.62241342394204,0.561643835616438,0.936744186046512,1
"163",6.84103891409045,4.05618277377834,1.57069619593495,2.2480004520814,0.561643835616438,0.908571428571429,1
"164",6.83388095666481,3.57209913976202,2.16890990310194,1.13481706615931,0.558904109589041,1.01299145299145,1
"165",6.70986633545876,3.51004373688641,1.55639891071499,0.996513183393789,0.558904109589041,0.979504132231405,1
"166",6.69028567525756,3.63576565181448,1.2634724816503,1.42368383092966,0.558904109589041,0.94816,1
"167",6.75757964103955,3.90032499582293,1.404509070348,2.03658316612471,0.558904109589041,0.918759689922481,1
"168",6.89428240591554,4.25465329526473,1.82811815132532,2.67518606682782,0.558904109589041,0.891127819548872,1
"169",6.67874225913523,3.41611826540956,2.1158773896262,1.3043331980101,0.547945205479452,1.01521367521368,1
"170",6.54547631507039,3.33921907168602,1.45296533098364,1.15188390893731,0.547945205479452,0.981652892561984,1
"171",6.51990855703382,3.46116259041621,1.10099417329482,1.51388521318681,0.547945205479452,0.95024,1
"172",6.5842235218153,3.73009514195047,1.23496680930723,2.08641860386001,0.547945205479452,0.92077519379845,1
"173",6.72043741412424,4.09285066203338,1.68506843203262,2.70381789812002,0.547945205479452,0.893082706766917,1
"174",6.57392897731473,3.31985086607258,1.8214556325754,1.21892253045739,0.545205479452055,1.0025641025641,1
"175",6.481626959708,3.32321043184012,1.23153362444273,1.28503474121634,0.545205479452055,0.969421487603306,1
"176",6.49357183319255,3.5139059225402,1.05538284350569,1.75760619465289,0.545205479452055,0.9384,1
"177",6.59085331108878,3.83379479596923,1.36508973800308,2.35910397353011,0.545205479452055,0.909302325581395,1
"178",6.75504058981285,4.23107166781676,1.88757347343864,2.9811972809383,0.545205479452055,0.881954887218045,1
"179",6.6069626259275,3.34433174779373,2.11536028768219,1.40130824931518,0.542465753424658,1.01726495726496,1
"180",6.46578525402006,3.25335947525431,1.42283613831721,1.22832501011041,0.542465753424658,0.983636363636364,1
"181",6.43426272243431,3.36799217639273,1.02557870677088,1.55042880306719,0.542465753424658,0.95216,1
"182",6.4945452044854,3.63539931611882,1.14030031790142,2.09861251765829,0.542465753424658,0.922635658914729,1
"183",6.62841813073126,4.00006836855568,1.5994127368772,2.7034250366444,0.542465753424658,0.894887218045113,1
"184",6.60396548132953,3.34408182021866,2.23744742513975,1.52083451067791,0.53972602739726,1.02358974358974,1
"185",6.44111018841793,3.21115802130236,1.50772720634191,1.26008660729557,0.53972602739726,0.989752066115702,1
"186",6.39035982293191,3.29138984298949,1.02591987296261,1.49879917139854,0.53972602739726,0.95808,1
"187",6.43437374644541,3.53523523976519,1.04056236754055,2.00983120399037,0.53972602739726,0.928372093023256,1
"188",6.55505645491705,3.88580573149384,1.46570600970188,2.60032280135982,0.53972602739726,0.900451127819549,1
"189",6.51176811991161,3.25773596658405,2.29234727309592,1.69027933655699,0.531506849315069,1.02837606837607,1
"190",6.33042149654125,3.08916294767936,1.52139838547391,1.39069771032424,0.531506849315069,0.994380165289256,1
"191",6.26452116878295,3.1450460226376,0.955223075531581,1.55561445425402,0.531506849315069,0.96256,1
"192",6.29698254653059,3.37703966465377,0.88516014675102,2.01544051430494,0.531506849315069,0.932713178294574,1
"193",6.40952673574173,3.72468442172517,1.30733660682011,2.57916673299258,0.531506849315069,0.904661654135338,1
"194",6.47049662190729,3.21701657670101,2.27515777992756,1.72385410227506,0.528767123287671,1.02837606837607,1
"195",6.2882723066003,3.04683598763981,1.49668625365691,1.43268930452782,0.528767123287671,0.994380165289256,1
"196",6.22222114980083,3.10407386954386,0.917358219784011,1.59441937297114,0.528767123287671,0.96256,1
"197",6.25517784945705,3.33943216338488,0.846199526649444,2.04638399315759,0.528767123287671,0.932713178294574,1
"198",6.36871544018671,3.6910604117928,1.28254309942968,2.60404121745083,0.528767123287671,0.904661654135338,1
"199",6.50871088393648,3.27488153336378,2.51400018397376,1.91828126891004,0.526027397260274,1.03897435897436,1
"200",6.28942693089173,3.03156220369686,1.70180941939348,1.51451286281503,0.526027397260274,1.00462809917355,1
"201",6.18933516841236,3.02190173732914,1.03394681600143,1.54084279543239,0.526027397260274,0.97248,1
"202",6.19251047044591,3.20747816119024,0.752412484196443,1.91325208882606,0.526027397260274,0.942325581395349,1
"203",6.28113302016271,3.52744973978596,1.07793731680888,2.43679950000854,0.526027397260274,0.913984962406015,1
"204",6.43443358495205,3.19278525159749,2.39567386354255,1.88297001988334,0.523287671232877,1.03470085470085,1
"205",6.22866928638968,2.97573150793575,1.58699835526872,1.53443533049577,0.523287671232877,1.0004958677686,1
"206",6.14198246879388,2.99470376677929,0.93299579128169,1.61434803810732,0.523287671232877,0.96848,1
"207",6.15784198917861,3.2055321970585,0.724943598238493,2.01074130607273,0.523287671232877,0.938449612403101,1
"208",6.25796107993834,3.54453354365277,1.12297663865804,2.54034071672071,0.523287671232877,0.910225563909774,1
"209",6.2252911278083,2.96397014738518,1.75482657289351,1.62108275322582,0.520547945205479,1.00859504132231,1
"210",6.11108467608143,2.92770701888895,1.04410340795816,1.59804061743796,0.520547945205479,0.97632,1
"211",6.10281048083522,3.09701916301468,0.666868117323519,1.9247385973381,0.520547945205479,0.946046511627907,1
"212",6.18273921562167,3.40986507699389,0.956581112416924,2.42141015836552,0.520547945205479,0.917593984962406,1
"213",6.24321169933407,2.99852825956415,2.25379609182314,1.96761019747958,0.512328767123288,1.03111111111111,1
"214",6.04582522763608,2.7978209782041,1.42862384691865,1.68979966603524,0.512328767123288,0.99702479338843,1
"215",5.96980525011659,2.84533054677808,0.744194382443629,1.80593514940921,0.512328767123288,0.96512,1
"216",5.99786737011061,3.08868945636845,0.592899466726756,2.1988231311561,0.512328767123288,0.935193798449612,1
"217",6.11084553831154,3.45682209205896,1.10171918533105,2.71403489442844,0.512328767123288,0.907067669172932,1
"218",6.26683915269945,3.04220989145021,2.44540522625285,2.11617054916815,0.50958904109589,1.03931623931624,1
"219",6.0394421552648,2.78010696462292,1.60117978326207,1.76085382479542,0.50958904109589,1.00495867768595,1
"220",5.93584442423448,2.77115787685714,0.863067765369649,1.78602904343923,0.50958904109589,0.9728,1
"221",5.93988631641852,2.97395255614538,0.500470171922853,2.11786010917368,0.50958904109589,0.942635658914729,1
"222",6.03295622434161,3.31791951947189,0.924657922760581,2.60231447167705,0.50958904109589,0.914285714285714,1
"223",6.00667841980802,2.74574863339817,1.63066851373082,1.81139905220454,0.506849315068493,1.00677685950413,1
"224",5.89633382555495,2.72374575041405,0.875398369547683,1.81660276878845,0.506849315068493,0.97456,1
"225",5.89498403633003,2.91924194813923,0.454982602942221,2.12927639500507,0.506849315068493,0.944341085271318,1
"226",5.98405788890641,3.26065481494261,0.868567447002191,2.60123988217436,0.506849315068493,0.91593984962406,1
"227",6.15471081439313,2.92332035849492,2.3311248528043,2.13113672111915,0.504109589041096,1.03555555555556,1
"228",5.93829146151756,2.68261129664112,1.48371165564161,1.82764400764042,0.504109589041096,1.00132231404959,1
"229",5.8465703759258,2.70224120122314,0.737762968190573,1.89326601592315,0.504109589041096,0.96928,1
"230",5.86271452035204,2.93328812839099,0.439177954019712,2.23973438976971,0.504109589041096,0.93922480620155,1
"231",5.96745857778999,3.29990991212017,0.961287036758297,2.72464787686401,0.504109589041096,0.910977443609023,1
"232",6.09223811638111,2.85554521544728,2.25325230305539,2.13076895822448,0.501369863013699,1.03282051282051,1
"233",5.88450935031133,2.63261017865153,1.40544431816732,1.86124177629651,0.501369863013699,0.998677685950413,1
"234",5.80174823203013,2.67337970226608,0.658363130519995,1.95413596268129,0.501369863013699,0.96672,1
"235",5.82663464722898,2.92343008597958,0.428724711374681,2.31250317931929,0.501369863013699,0.936744186046512,1
"236",5.93948888333171,3.30418270519633,1.00252604632819,2.8001068132442,0.501369863013699,0.908571428571429,1
"237",5.8530150995044,2.59243695245118,1.81557979830959,2.07665922544201,0.493150684931507,1.01641025641026,1
"238",5.70263808368265,2.49546540412766,0.97694583067766,1.9910635734251,0.493150684931507,0.982809917355372,1
"239",5.67557822226394,2.66160493598521,0.284599603766354,2.22644039600157,0.493150684931507,0.95136,1
"240",5.75171663375471,3.00776570225332,0.64853032130607,2.65462454236544,0.493150684931507,0.921860465116279,1
"241",5.9095308194905,3.45162435120643,1.32753450768336,3.1676332673256,0.493150684931507,0.894135338345865,1
"242",5.74535301682964,2.48488309783354,1.51521882920331,2.04815458589569,0.49041095890411,1.00478632478632,1
"243",5.63778072521925,2.48600617465037,0.688538978537533,2.08424127924314,0.49041095890411,0.971570247933884,1
"244",5.65040190806477,2.73387334600327,0.23977168736782,2.40255148073938,0.49041095890411,0.94048,1
"245",5.76135202085801,3.13371390447828,0.893997151882817,2.87130214627422,0.49041095890411,0.911317829457364,1
"246",5.94831799230761,3.60894394564198,1.57977477814255,3.40104870362465,0.49041095890411,0.88390977443609,1
"247",5.73690381687296,2.47424372361477,1.66337466044839,2.11987224387257,0.487671232876712,1.01094017094017,1
"248",5.60563951852768,2.42293978984573,0.822796292599848,2.09452488407962,0.487671232876712,0.977520661157025,1
"249",5.59768301669112,2.63437205135377,0.159263263641137,2.36463345320781,0.487671232876712,0.94624,1
"250",5.69182387267883,3.01484629771646,0.748706895685583,2.80493642147544,0.487671232876712,0.916899224806202,1
"251",5.86577753848552,3.48152344435454,1.44054790669167,3.31941918578413,0.487671232876712,0.889323308270677,1
"252",5.66873910903523,2.40703581362165,1.53641450718486,2.13652950592037,0.484931506849315,1.00615384615385,1
"253",5.55503842883189,2.39779834536529,0.697361516790251,2.15965529655865,0.484931506849315,0.972892561983471,1
"254",5.56382025743855,2.64575403033003,0.155339705448341,2.45951752954507,0.484931506849315,0.94176,1
"255",5.67303002312559,3.05100344009135,0.852171089017872,2.91273559275367,0.484931506849315,0.912558139534884,1
"256",5.85992179792786,3.53276393092362,1.54534340410083,3.43138915548869,0.484931506849315,0.885112781954887,1
"257",5.53614035548693,2.32583423547392,0.964067659145683,2.15765835576381,0.482191780821918,0.983760683760684,1
"258",5.50709557640814,2.50860693102191,0.154545602701248,2.38319775795665,0.482191780821918,0.951239669421488,1
"259",5.59134395504429,2.89057224809579,0.641516110273074,2.80597120979035,0.482191780821918,0.9208,1
"260",5.76417963459976,3.37274558267835,1.36409707659366,3.31916634345887,0.482191780821918,0.892248062015504,1
"261",6.0023579098361,3.89508801906401,2.04468952168576,3.86382289409519,0.482191780821918,0.865413533834586,1
"262",5.43449671195361,2.19681323970867,1.15087247884835,2.27454638147759,0.473972602739726,0.991452991452991,1
"263",5.37608039911033,2.32556309808527,0.32191144327518,2.42846733402487,0.473972602739726,0.958677685950413,1
"264",5.43744262535153,2.68474834900723,0.46424330307124,2.79815221784603,0.473972602739726,0.928,1
"265",5.59381963093723,3.1620472019387,1.19294647412743,3.27790716396139,0.473972602739726,0.89922480620155,1
"266",5.82108918252778,3.68705011309897,1.87911419893331,3.80228120909489,0.473972602739726,0.87218045112782,1
"267",5.40722294525921,2.1594383173506,1.24648388025364,2.31792401778592,0.471232876712329,0.995213675213675,1
"268",5.3339572900229,2.2571193054022,0.418521800172448,2.4385158901388,0.471232876712329,0.962314049586777,1
"269",5.38318504070003,2.60049337574103,0.38600760955238,2.78341752396722,0.471232876712329,0.93152,1
"270",5.53033166697572,3.07215365311226,1.11152599417275,3.24773733397511,0.471232876712329,0.902635658914729,1
"271",5.75102104600108,3.59626702846733,1.79916864206062,3.76299356287339,0.471232876712329,0.875488721804511,1
"272",5.42268146097787,2.16007815014437,1.54612950026497,2.38806222815645,0.468493150684932,1.00700854700855,1
"273",5.30238219209941,2.14674947047386,0.708297768356332,2.40609562444994,0.468493150684932,0.973719008264463,1
"274",5.31054903561556,2.41849548202349,0.167504469213762,2.67666500373832,0.468493150684932,0.94256,1
"275",5.42408937028577,2.8548708025338,0.849304111173934,3.09709609092918,0.468493150684932,0.913333333333333,1
"276",5.61871924565081,3.36404463726143,1.54163404872497,3.58848406329941,0.468493150684932,0.885864661654135,1
"277",5.33123587938285,2.07890696352175,1.29850655645637,2.40413802875597,0.465753424657534,0.997094017094017,1
"278",5.25001668933951,2.16405376467793,0.48373421566056,2.50671041378335,0.465753424657534,0.964132231404959,1
"279",5.29407524193,2.50803472922788,0.379170884996244,2.83267244190774,0.465753424657534,0.93328,1
"280",5.43858503189016,2.98544951721105,1.08368108497418,3.28203626187314,0.465753424657534,0.904341085271318,1
"281",5.65862000394024,3.51595153965736,1.76834912260136,3.78659535434517,0.465753424657534,0.877142857142857,1
"282",5.27066835219669,2.01634394607304,1.79285338412945,2.63719137824785,0.454794520547945,1.01606837606838,1
"283",5.10996492680813,1.90823057159979,0.970629154083545,2.58372462052612,0.454794520547945,0.982479338842975,1
"284",5.08606084592939,2.13586323149251,0.364761960676224,2.78065899758599,0.454794520547945,0.95104,1
"285",5.17662810869176,2.56582648236148,0.729542272036801,3.14341475386718,0.454794520547945,0.921550387596899,1
"286",5.35657868677822,3.08307033708182,1.388993265816,3.59481377729704,0.454794520547945,0.893834586466165,1
"287",5.20892814929296,1.95057116400174,1.72315580986017,2.66184838288335,0.452054794520548,1.01299145299145,1
"288",5.06006707739915,1.87515644409405,0.915665004235343,2.6346982024352,0.452054794520548,0.979504132231405,1
"289",5.04808894915874,2.13445626891065,0.392090010839605,2.84899609997878,0.452054794520548,0.94816,1
"290",5.14982582561249,2.58499334024484,0.813978746954386,3.22026674778306,0.452054794520548,0.918759689922481,1
"291",5.33961839169576,3.1138884704244,1.46850362419529,3.67472974159331,0.452054794520548,0.891127819548872,1
"292",5.1337102627723,1.87122952243769,1.59694575178384,2.68032168032793,0.449315068493151,1.00752136752137,1
"293",5.00693556945506,1.85724620402187,0.815929063843537,2.69739140309391,0.449315068493151,0.974214876033058,1
"294",5.01614788801668,2.16707173183717,0.444396906294093,2.94235920012728,0.449315068493151,0.94304,1
"295",5.13683010289051,2.64658032513028,0.947074511978689,3.33047012596959,0.449315068493151,0.913798449612403,1
"296",5.34260113210932,3.19037887424059,1.59972483370329,3.79274653886845,0.449315068493151,0.886315789473684,1
"297",5.1316710261433,1.87576379827902,1.76077229873085,2.7481009132821,0.446575342465753,1.01384615384615,1
"298",4.97750306483077,1.78917938742556,0.96908737735775,2.71653598621393,0.446575342465753,0.980330578512397,1
"299",4.96273360153559,2.05331414287758,0.477715179163449,2.92062842989311,0.446575342465753,0.94896,1
"300",5.06399376312242,2.51418150922844,0.845219846024804,3.28058523138421,0.446575342465753,0.91953488372093,1
"301",5.25506472189683,3.05236576349515,1.47945013796484,3.72526216712068,0.446575342465753,0.89187969924812,1
"302",5.07793779755048,1.81980188703152,1.72487561902276,2.78058451207341,0.443835616438356,1.01196581196581,1
"303",4.93086664298066,1.75458095291655,0.949541603734204,2.76461445783442,0.443835616438356,0.978512396694215,1
"304",4.92369170421295,2.04143132807784,0.517554866237465,2.97780049522743,0.443835616438356,0.9472,1
"305",5.03241109599895,2.51744790192952,0.90672078826708,3.34130533868508,0.443835616438356,0.917829457364341,1
"306",5.23030972797126,3.06443772691552,1.53517003617178,3.78640264872322,0.443835616438356,0.890225563909774,1
"307",5.00910839811646,1.77274989322862,1.94786060968062,2.94337611193447,0.435616438356164,1.01982905982906,1
"308",4.82528096227253,1.60727094438542,1.17477481719032,2.87225197861404,0.435616438356164,0.986115702479339,1
"309",4.78734696266037,1.84045598112324,0.669339189785165,3.03152706332195,0.435616438356164,0.95456,1
"310",4.87271208439125,2.3039189521494,0.860465786377198,3.3524364856759,0.435616438356164,0.924961240310078,1
"311",5.05448636100794,2.85355064671352,1.42992299326089,3.76746002796764,0.435616438356164,0.897142857142857,1
"312",4.91909185348853,1.66562506154207,1.79855193390766,2.95007673087964,0.432876712328767,1.01299145299145,1
"313",4.76402225392877,1.5852090332882,1.06351423285192,2.93022994526424,0.432876712328767,0.979504132231405,1
"314",4.75396613868292,1.89154496490528,0.686816934177475,3.12837889215449,0.432876712328767,0.94816,1
"315",4.86430755168337,2.39332807478832,1.00216477640128,3.47331017275365,0.432876712328767,0.918759689922481,1
"316",5.06701741007184,2.9604879754052,1.58765067778075,3.90125149725625,0.432876712328767,0.891127819548872,1
"317",4.98338414277437,1.78054598285644,2.13955795436672,3.06878331421054,0.43013698630137,1.02683760683761,1
"318",4.76656110825838,1.52099298457037,1.36135770794996,2.95079628347712,0.43013698630137,0.992892561983471,1
"319",4.6997001248111,1.6903049562327,0.805627832043666,3.06401919356534,0.43013698630137,0.96112,1
"320",4.76196000008988,2.13304424492322,0.837982425636076,3.34809636816533,0.43013698630137,0.931317829457364,1
"321",4.92682339984101,2.6803885493949,1.34010136641661,3.73703042387832,0.43013698630137,0.903308270676692,1
"322",5.07994508508516,1.96718089529297,2.50421013031203,3.22980422244453,0.427397260273973,1.04153846153846,1
"323",4.79831737068917,1.53717072729568,1.69408863468521,3.01222851651707,0.427397260273973,1.00710743801653,1
"324",4.66952966185855,1.52873532182506,1.03492961718674,3.03099454433461,0.427397260273973,0.97488,1
"325",4.67735457746227,1.87873259323226,0.775011047609317,3.24193846146178,0.427397260273973,0.944651162790698,1
"326",4.79793292999483,2.39254682553246,1.11007981661122,3.58156168892763,0.427397260273973,0.916240601503759,1
"327",5.14473074072423,2.10796768083237,2.75063167560115,3.367719197608,0.424657534246575,1.05128205128205,1
"328",4.82026616709556,1.58027002164012,1.92555303628435,3.08956992028784,0.424657534246575,1.01652892561983,1
"329",4.64964919391407,1.44435806376133,1.22763601257106,3.04547721802667,0.424657534246575,0.984,1
"330",4.61989678516521,1.71473536981093,0.826219062689146,3.20326916018978,0.424657534246575,0.953488372093023,1
"331",4.70937400610825,2.19932873399576,1.00086782593484,3.5045094310375,0.424657534246575,0.924812030075188,1
"332",4.71335262397295,1.48823850904856,2.02459226701898,3.22313312608364,0.416438356164384,1.01867768595041,1
"333",4.52979100556666,1.3135292271884,1.34763310019646,3.16858987282551,0.416438356164384,0.98608,1
"334",4.49138335989339,1.58467786725833,0.959068409544994,3.31027794401086,0.416438356164384,0.955503875968992,1
"335",4.5766224221148,2.08527440385039,1.08444075656191,3.59434152009851,0.416438356164384,0.926766917293233,1
"336",4.69081694670257,1.4796546106409,2.09426365007314,3.2758796827262,0.413698630136986,1.02099173553719,1
"337",4.49567578074581,1.26753647728765,1.41625326171854,3.20777931208473,0.413698630136986,0.98832,1
"338",4.44750007030409,1.52010001961009,1.01185956383315,3.33561643365553,0.413698630136986,0.957674418604651,1
"339",4.52536347953152,2.01890970607537,1.09754038528696,3.60778282697964,0.413698630136986,0.928872180451128,1
"340",4.9627704774652,1.9816985773287,2.83402121010842,3.56540114953942,0.410958904109589,1.05230769230769,1
"341",4.62250168750121,1.39779468613561,2.03582069999172,3.29986616576527,0.410958904109589,1.01752066115702,1
"342",4.44162997217837,1.23296608923752,1.38550142223873,3.25518072715205,0.410958904109589,0.98496,1
"343",4.40822636979758,1.53480590527499,1.03672605387407,3.40053064237665,0.410958904109589,0.954418604651163,1
"344",4.50007992298752,2.05837243742218,1.1734132505536,3.68360163738512,0.410958904109589,0.925714285714286,1
"345",4.63144905766385,1.44301592565091,2.18966243729544,3.37185848664071,0.408219178082192,1.02363636363636,1
"346",4.42161783660045,1.18141727321758,1.51854525482081,3.29005116178795,0.408219178082192,0.99088,1
"347",4.36188346853142,1.41735978126049,1.10851509071558,3.40152542087094,0.408219178082192,0.96015503875969,1
"348",4.43195450393263,1.92210809301676,1.15140560224294,3.65797156437456,0.408219178082192,0.931278195488722,1
"349",4.64426098530165,1.50097378602498,2.34045854979047,3.44856771046949,0.405479452054795,1.0295867768595,1
"350",4.40609086290934,1.14783203170296,1.65220246416744,3.33160522334031,0.405479452054795,0.99664,1
"351",4.32013664585971,1.30840187624794,1.19331813483118,3.4099177202173,0.405479452054795,0.965736434108527,1
"352",4.36816732990663,1.7902051602509,1.14849061225544,3.63950179503208,0.405479452054795,0.936691729323308,1
"353",4.49012862635574,1.34019831633776,2.31868610747693,3.54772786023168,0.397260273972603,1.02595041322314,1
"354",4.26335081953063,1.01333451068387,1.67357492062177,3.45817342786534,0.397260273972603,0.99312,1
"355",4.19249278467695,1.25223538657869,1.28372212149094,3.55433352579074,0.397260273972603,0.962325581395349,1
"356",4.25772275955987,1.78636943233362,1.29565110976145,3.79227915712405,0.397260273972603,0.933383458646617,1
"357",4.50005318771724,1.40058109900973,2.45314590692848,3.62039891090745,0.394520547945205,1.03123966942149,1
"358",4.24706563637846,0.98528853084345,1.79209701727247,3.50129418428524,0.394520547945205,0.99824,1
"359",4.15183904135449,1.14773030066379,1.36206157532586,3.5692177174376,0.394520547945205,0.967286821705426,1
"360",4.19665674241979,1.6639669102706,1.306235425256,3.78371947466485,0.394520547945205,0.938195488721804,1
"361",4.35421196266052,1.17087215031224,2.23065816949051,3.59789931369973,0.391780821917808,1.0196694214876,1
"362",4.15376019351908,0.934810333762089,1.63818639299251,3.54807198994456,0.391780821917808,0.98704,1
"363",4.11113829016881,1.28648125351287,1.33455347772069,3.6745394966146,0.391780821917808,0.956434108527132,1
"364",4.20370202448599,1.86813806856434,1.42598520475674,3.93210538273156,0.391780821917808,0.927669172932331,1
"365",4.34383542648717,1.19343666570197,2.32492615703866,3.65533932252678,0.389041095890411,1.02314049586777,1
"366",4.12520254922065,0.886093220552953,1.72189750346727,3.58662268616211,0.389041095890411,0.9904,1
"367",4.0665009946079,1.20065946422165,1.38990497310817,3.69499614243844,0.389041095890411,0.95968992248062,1
"368",4.14641111085299,1.77953851170894,1.43844289383971,3.93737224719608,0.389041095890411,0.930827067669173,1
"369",4.6377448140036,1.78859926904489,3.00906742571411,3.92197467982219,0.386301369863014,1.05384615384615,1
"370",4.26739219127482,1.091420922028,2.26494813559432,3.67757366700008,0.386301369863014,1.01900826446281,1
"371",4.06708607116271,0.854011682778977,1.69534077954863,3.63367576689522,0.386301369863014,0.9864,1
"372",4.02753837285957,1.24173532988785,1.4156473703304,3.76142878515398,0.386301369863014,0.955813953488372,1
"373",4.12546962580429,1.84523802318366,1.51181192713394,4.01691038473116,0.386301369863014,0.927067669172932,1
"374",4.35428810832869,1.46126540759133,2.85346508255655,3.98465374638318,0.375342465753425,1.04314049586777,1
"375",4.03044560213689,0.810027667755451,2.19697082788332,3.81347165337217,0.375342465753425,1.00976,1
"376",3.87337676011825,0.757772784692974,1.7384511368802,3.82046427565147,0.375342465753425,0.978449612403101,1
"377",3.87146783406769,1.284215227566,1.57425217229106,3.97468290110826,0.375342465753425,0.949022556390977,1
"378",4.33169221598221,1.47044528609714,2.90293951100407,4.0344690615022,0.372602739726027,1.04446280991736,1
"379",3.99907321840254,0.793086955705854,2.24834985801942,3.85851699333115,0.372602739726027,1.01104,1
"380",3.83435352747873,0.706863581037746,1.78913932074892,3.85931348412206,0.372602739726027,0.97968992248062,1
"381",3.82680931553674,1.23814926661627,1.61659926372178,4.00686747717672,0.372602739726027,0.950225563909774,1
"382",4.25781945366319,1.38203071104336,2.86292001655569,4.0516507849077,0.36986301369863,1.04148760330579,1
"383",3.93644196023044,0.714688973999836,2.22790528584489,3.89367041423121,0.36986301369863,1.00816,1
"384",3.7850761130623,0.706886061016,1.7979587682684,3.90956121966549,0.36986301369863,0.976899224806202,1
"385",3.79165768233258,1.2796880129526,1.65957912811722,4.06811364900078,0.36986301369863,0.947518796992481,1
"386",3.93502501412922,0.762998842902905,2.34558327784879,3.94819035111286,0.367123287671233,1.01328,1
"387",3.75622018317598,0.608684228477567,1.88720486149329,3.93856756185538,0.367123287671233,0.981860465116279,1
"388",3.73854398478551,1.15394539296924,1.70236908460262,4.07443480109178,0.367123287671233,0.952330827067669,1
"389",4.18338245798871,1.46207560900261,3.08383785895561,4.2578743603227,0.358904109589041,1.04776859504132,1
"390",3.82095995690097,0.691648221211042,2.45075295351494,4.07616223784196,0.358904109589041,1.01424,1
"391",3.63260118723919,0.488975548737457,2.00916007992193,4.06346221690418,0.358904109589041,0.982790697674419,1
"392",3.61089002553916,1.08463863431802,1.82974145313828,4.19246955840029,0.358904109589041,0.953233082706767,1
"393",3.77493257574067,0.651620219228191,2.47029288090786,4.11611135329743,0.356164383561644,1.0136,1
"394",3.58834483817494,0.463292725065242,2.04041277457815,4.10709446278638,0.356164383561644,0.982170542635659,1
"395",3.57011579601719,1.08538750846345,1.87126213165361,4.2378416853526,0.356164383561644,0.952631578947368,1
"396",3.73298262457424,0.622677333366891,2.49835896812216,4.15745823317781,0.353424657534247,1.01344,1
"397",3.54563002036668,0.433364523614508,2.07678943555557,4.14973930315997,0.353424657534247,0.982015503875969,1
"398",3.52849101112176,1.07717523238659,1.91330194590761,4.28024171448193,0.353424657534247,0.952481203007519,1
"399",3.96582979167781,1.21954461905659,2.99339515309296,4.31852552175795,0.350684931506849,1.0395041322314,1
"400",3.63455306867771,0.448699521064457,2.41752519921581,4.1841910025099,0.350684931506849,1.00624,1
"401",3.48492478768461,0.539937929064285,2.05379923746304,4.2109964185569,0.350684931506849,0.975038759689922,1
"402",3.50534894180989,1.23299552439572,1.95794490500527,4.36897702610465,0.350684931506849,0.945714285714286,1
"403",3.91961230887889,1.19141847867762,3.00688621847883,4.3546510147223,0.347945205479452,1.03884297520661,1
"404",3.58871197971445,0.407504127059028,2.4411230350618,4.22530769698303,0.347945205479452,1.0056,1
"405",3.44139306959776,0.533979606922657,2.08871002373362,4.25523780377472,0.347945205479452,0.974418604651163,1
"406",3.46588067427973,1.24079033833999,2.00121814281429,4.41453497332324,0.347945205479452,0.945112781954887,1
"407",3.80569805631699,1.16443276139353,3.08758724965832,4.47596260430423,0.33972602739726,1.03884297520661,1
"408",3.4655964833297,0.337658919656062,2.54213300864946,4.35155250195525,0.33972602739726,1.0056,1
"409",3.3144388526612,0.493863837201991,2.20836624255003,4.38185419045361,0.33972602739726,0.974418604651163,1
"410",3.34137851900531,1.22820635203301,2.1281938030847,4.53782759927988,0.33972602739726,0.945112781954887,1
"411",3.79335212430118,1.20862809220795,3.15155975897097,4.52866698547497,0.336986301369863,1.04082644628099,1
"412",3.43974912343228,0.369560125626438,2.60303000155602,4.39642466396118,0.336986301369863,1.00752,1
"413",3.27605738341725,0.440680624361153,2.26156315039092,4.4182780418333,0.336986301369863,0.976279069767442,1
"414",3.29336238025921,1.18120243658745,2.16803307425246,4.56608215666514,0.336986301369863,0.946917293233083,1
"415",3.51968575310927,0.692217049141002,2.83289385065937,4.47132181624858,0.334246575342466,1.02064,1
"416",3.27891205292445,0.119388101637623,2.41231699560265,4.43447541712026,0.334246575342466,0.988992248062015,1
"417",3.2233131246754,0.86847705392325,2.21876020011978,4.53134737537868,0.334246575342466,0.959248120300752,1
"418",3.87196332947564,1.48241108034753,3.41300706666181,4.68553960313911,0.331506849315069,1.05190082644628,1
"419",3.45574643309873,0.627844647046554,2.82726205539068,4.50515165559514,0.331506849315069,1.01824,1
"420",3.22628647001912,0.173742785614778,2.42742645037205,4.4798249812702,0.331506849315069,0.986666666666667,1
"421",3.18422802525958,0.927089928214809,2.25592129648741,4.5854527286441,0.331506849315069,0.956992481203008,1
"422",3.88250517193633,1.56049236186766,3.49915997356114,4.74937683933254,0.328767123287671,1.05504132231405,1
"423",3.19810699665152,0.11050104457729,2.49431711619465,4.51845135212413,0.328767123287671,0.989612403100775,1
"424",3.13840575780449,0.857973868249449,2.303936873352,4.61182500067695,0.328767123287671,0.95984962406015,1
"425",3.66327442450506,1.37072670409316,3.43874744909976,4.81331726663324,0.320547945205479,1.04743801652893,1
"426",3.25389603338849,0.53705288630319,2.89663978172226,4.6607299691699,0.320547945205479,1.01392,1
"427",3.04105017561029,0.335959148647417,2.54663013022071,4.65646974503964,0.320547945205479,0.982480620155039,1
"428",3.02493365436894,1.05326593235746,2.41996370311243,4.77565730459659,0.320547945205479,0.952932330827068,1
"429",3.65653154032881,1.42415963286524,3.5026530890032,4.86693612990472,0.317808219178082,1.04942148760331,1
"430",3.23303485761273,0.595102420317688,2.95753392676114,4.70723957768067,0.317808219178082,1.01584,1
"431",3.00616266372069,0.324264076498943,2.60097907736218,4.69523438326313,0.317808219178082,0.984341085271318,1
"432",2.97868385219575,1.01834473281502,2.46339022274335,4.80677003289504,0.317808219178082,0.954736842105263,1
"433",3.7669771833431,1.66474262843901,3.70340042635109,4.97672249696727,0.315068493150685,1.05884297520661,1
"434",3.29320661946551,0.825379008267283,3.12425717239119,4.77745466581108,0.315068493150685,1.02496,1
"435",3.00879281197542,0.256609012486286,2.7197624416269,4.72715707385191,0.315068493150685,0.993178294573643,1
"436",2.92492736418291,0.821213753173282,2.52236992944857,4.80454366568869,0.315068493150685,0.963308270676692,1
"437",3.3875366450165,1.09202828434943,3.3224015688048,4.86497589711049,0.312328767123288,1.03552,1
"438",3.03940202138394,0.379717527081696,2.86766887122705,4.7705773623926,0.312328767123288,1.00341085271318,1
"439",2.8890518496608,0.60861815707967,2.60567135692911,4.8078114495165,0.312328767123288,0.973233082706767,1
"440",3.46946949163666,1.30860579374875,3.49427220211633,4.95273102302592,0.30958904109589,1.044,1
"441",3.07194024780867,0.557570298486785,3.00456664132897,4.82367854170723,0.30958904109589,1.01162790697674,1
"442",2.86779828881903,0.474406420117986,2.69588009299875,4.82840878025331,0.30958904109589,0.981203007518797,1
"443",3.27455589573262,1.27157436426267,3.55826880856332,5.09532287160213,0.298630136986301,1.04048,1
"444",2.87925748231924,0.615714076726311,3.10620847427688,4.98637548967922,0.298630136986301,1.00821705426357,1
"445",2.6883078460032,0.662500565231528,2.83551578701495,5.00547502808517,0.298630136986301,0.977894736842105,1
"446",3.23647134310144,1.2833575619002,3.5871596906998,5.13530803070276,0.295890410958904,1.04032,1
"447",2.83774683818979,0.647825894823821,3.14097294785217,5.02826628039027,0.295890410958904,1.00806201550388,1
"448",2.64562254240009,0.69924600824616,2.87524776195748,5.04814270642587,0.295890410958904,0.977744360902256,1
"449",3.04419861728849,1.05848923319565,3.45237251046419,5.12550163127287,0.293150684931507,1.02928,1
"450",2.70587412761959,0.597447124428203,3.06587300479292,5.06411223167097,0.293150684931507,0.997364341085271,1
"451",2.58656842939086,0.914529809203736,2.86858349729437,5.12389309475951,0.293150684931507,0.967368421052632,1
"452",3.0334262030706,1.12070284121574,3.51357583772323,5.17458422309293,0.29041095890411,1.0312,1
"453",2.67926104436394,0.645661573420226,3.12201883104538,5.10640825643842,0.29041095890411,0.99922480620155,1
"454",2.54525616041538,0.910867963385778,2.91658998666054,5.15927075359766,0.29041095890411,0.969172932330827,1
"455",3.0087557411093,1.30768869350589,3.69751017212449,5.32356415075902,0.282191780821918,1.03696,1
"456",2.60656575963507,0.801484084423402,3.29165079383199,5.23561013715612,0.282191780821918,1.00480620155039,1
"457",2.42620876430209,0.92401811147537,3.06330813949826,5.26817231071186,0.282191780821918,0.974586466165414,1
"458",2.80512791357555,1.1094488398227,3.56860859651851,5.31882633528964,0.279452054794521,1.02528,1
"459",2.47197723545636,0.806316538369153,3.22571205203866,5.27698487162737,0.279452054794521,0.993488372093023,1
"460",2.3761354487361,1.1366696431986,3.06647602120727,5.34953859178302,0.279452054794521,0.963609022556391,1
"461",2.77258928706901,1.14441445166141,3.60784072868178,5.36149374070415,0.276712328767123,1.0256,1
"462",2.43298024176885,0.848253611652595,3.26753728145765,5.31910649284562,0.276712328767123,0.993798449612403,1
"463",2.3337274757893,1.16331161798069,3.10905644755328,5.39034472045068,0.276712328767123,0.96390977443609,1
"464",3.12807091065261,1.65963244966813,4.00256663821609,5.51911620875704,0.273972602739726,1.05057851239669,1
"465",2.62235426579895,1.04464827946251,3.53665448789195,5.37985453380442,0.273972602739726,1.01696,1
"466",2.33948340058652,0.924941918897729,3.24612489340948,5.37059899642196,0.273972602739726,0.985426356589147,1
"467",2.3070590105851,1.34253501701817,3.1390658307361,5.46976149223749,0.273972602739726,0.955789473684211,1
"468",2.85446137514234,1.38863746268563,3.818296671631,5.48413275775784,0.271232876712329,1.03603305785124,1
"469",2.42809254992953,0.950661022101761,3.42504218627313,5.40318646346034,0.271232876712329,1.00288,1
"470",2.25183535297191,1.10928085645952,3.21665275280162,5.44569152152905,0.271232876712329,0.971782945736434,1
"471",2.33063289552065,1.63521851030271,3.19098565808476,5.58795964316115,0.271232876712329,0.942556390977444,1
"472",2.71693334551165,1.43461312672008,3.89183513491627,5.59907392422874,0.263013698630137,1.03388429752066,1
"473",2.28817145955605,1.06645624881294,3.52213852768266,5.52917853297886,0.263013698630137,1.0008,1
"474",2.12255653179827,1.24742801748501,3.33420891818016,5.57894871904555,0.263013698630137,0.969767441860465,1
"475",2.22493501399479,1.75535459276446,3.32228475713382,5.72502412336166,0.263013698630137,0.940601503759399,1
"476",2.6355416499261,1.41590900441006,3.88773942961274,5.62916034788077,0.26027397260274,1.03090909090909,1
"477",2.22138851085885,1.10225765073721,3.53691875430531,5.57137153168937,0.26027397260274,0.99792,1
"478",2.0791487133745,1.32256847593193,3.3677387468562,5.63099601358295,0.26027397260274,0.966976744186047,1
"479",2.20750443584243,1.83749806140375,3.37178399156163,5.78454876977054,0.26027397260274,0.937894736842105,1
"480",2.40879632001877,1.27151082022061,3.76738842932841,5.63330216759036,0.257534246575342,1.01785123966942,1
"481",2.0879440266347,1.17480317556074,3.48779718605799,5.62479077150091,0.257534246575342,0.98528,1
"482",2.06134915030159,1.54958733025972,3.39190280638739,5.72637370324199,0.257534246575342,0.954728682170543,1
"483",2.28959723287175,2.11131943548037,3.46146938211148,5.91370352680867,0.257534246575342,0.926015037593985,1
"484",2.54031395592966,1.45513718945986,3.93782675506771,5.70646724891736,0.254794520547945,1.02925619834711,1
"485",2.1263996778035,1.18555158249025,3.60313759628892,5.65634237885349,0.254794520547945,0.99632,1
"486",1.99517454370594,1.41730875790737,3.44763920325552,5.72109658941753,0.254794520547945,0.965426356589147,1
"487",2.1433442209565,1.92281970317485,3.46082419255056,5.87749034811208,0.254794520547945,0.936390977443609,1
"488",2.27937633593956,1.30664636679977,3.79825424148022,5.7095611859634,0.252054794520548,1.01371900826446,1
"489",1.98397389439254,1.28422580468562,3.54739511346401,5.71674591616907,0.252054794520548,0.98128,1
"490",1.99693348353156,1.68155937368758,3.47684608802297,5.83018696600247,0.252054794520548,0.950852713178295,1
"491",2.263658784684,2.24122431225356,3.56519748617582,6.0257867157872,0.252054794520548,0.922255639097744,1
"492",2.23122308475719,1.463318789764,3.9574788532858,5.84368123387769,0.243835616438356,1.01818181818182,1
"493",1.88155996527665,1.38196138597562,3.69292068513518,5.83591694989011,0.243835616438356,0.9856,1
"494",1.85341167850823,1.71361022721134,3.60318984835634,5.93436082803182,0.243835616438356,0.955038759689922,1
"495",2.10566988566375,2.23581526075158,3.66949460726476,6.11581338468547,0.243835616438356,0.926315789473684,1
"496",2.51520295570695,1.74412535508245,4.22091387856127,5.94504954355641,0.241095890410959,1.03760683760684,1
"497",1.99883654118039,1.40760338466519,3.85595813332695,5.86781207911883,0.241095890410959,1.00330578512397,1
"498",1.78543992499562,1.53713060118303,3.67199322388113,5.91196968256261,0.241095890410959,0.9712,1
"499",1.90735888016874,1.9819769835184,3.65953993582507,6.05367551807284,0.241095890410959,0.941085271317829,1
"500",2.26425329922142,2.54267887530859,3.79105613846512,6.26947221958404,0.241095890410959,0.912781954887218,1
"501",2.36311833362801,1.68089932693541,4.17235265836964,5.9611147018378,0.238356164383562,1.03076923076923,1
"502",1.88894292523361,1.43913212195652,3.84442010759979,5.90997638613701,0.238356164383562,0.996694214876033,1
"503",1.7427101220359,1.64959824130824,3.69796924313161,5.9762633326847,0.238356164383562,0.9648,1
"504",1.93151105039089,2.1266785461667,3.71896726948013,6.13568191677255,0.238356164383562,0.934883720930233,1
"505",2.33117785558731,2.69586122660087,3.8766964910843,6.36498265713552,0.238356164383562,0.906766917293233,1
"506",2.35750661083789,1.73611846753411,4.22693564426125,6.00792822729381,0.235616438356164,1.03230769230769,1
"507",1.86440102163364,1.48190624499548,3.89505921621044,5.95185801499355,0.235616438356164,0.998181818181818,1
"508",1.69927985532588,1.67048189759702,3.74281558667723,6.01307846623404,0.235616438356164,0.96624,1
"509",1.87909403302759,2.1315479374464,3.75677423006507,6.16762306887925,0.235616438356164,0.936279069767442,1
"510",2.27828008156073,2.69181487443547,3.90724539978059,6.39246680925034,0.235616438356164,0.90812030075188,1
"511",2.37800105203586,1.80988702983076,4.29808985525193,6.05990956518907,0.232876712328767,1.03521367521368,1
"512",1.85608780309382,1.52748375646008,3.95580200307517,5.9939893316136,0.232876712328767,1.00099173553719,1
"513",1.65665366600607,1.67895168781618,3.79101746083467,6.04582533525062,0.232876712328767,0.96896,1
"514",1.81370206252551,2.11578837810975,3.79164242891605,6.19189187492928,0.232876712328767,0.938914728682171,1
"515",2.20511223837673,2.66370151664851,3.92960303035066,6.40939152584383,0.232876712328767,0.910676691729323,1
"516",2.12404889848365,1.81052948726365,4.30607525855181,6.1561410765103,0.224657534246575,1.02632478632479,1
"517",1.64767440809541,1.65460715041126,4.01689376179594,6.12408356460465,0.224657534246575,0.992396694214876,1
"518",1.54192050444508,1.89115303423646,3.90218831497349,6.20325476158362,0.224657534246575,0.96064,1
"519",1.80074941943356,2.35472999840402,3.94418780956935,6.37003827700414,0.224657534246575,0.930852713178295,1
"520",2.25797973909341,2.90470112315527,4.11205233483366,6.60234083662797,0.224657534246575,0.902857142857143,1
"521",2.13226662639342,1.87158973909459,4.36743698887847,6.20415808545391,0.221917808219178,1.02854700854701,1
"522",1.62912795251432,1.69396757780732,4.0706984544464,6.16483509667779,0.221917808219178,0.994545454545455,1
"523",1.49430647637541,1.90447200256013,3.94679536860039,6.23700340884788,0.221917808219178,0.96272,1
"524",1.73915391754415,2.3503660431725,3.97895747856227,6.39737615076727,0.221917808219178,0.932868217054264,1
"525",2.19451470128952,2.89040914067588,4.13749126014536,6.62404028167531,0.221917808219178,0.904812030075188,1
"526",2.30412389451542,2.03591175471048,4.52601314314984,6.28220842767174,0.219178082191781,1.0391452991453,1
"527",1.71446793654557,1.74571071964347,4.18300028302563,6.20621964163881,0.219178082191781,1.00479338842975,1
"528",1.44903910248132,1.84351778301384,4.00994043369533,6.24557151833003,0.219178082191781,0.97264,1
"529",1.58851473748133,2.22241225734636,3.99511705056582,6.37793496724399,0.219178082191781,0.942480620155039,1
"530",1.99760024027174,2.73054133654242,4.11318395792187,6.58158697284844,0.219178082191781,0.914135338345865,1
"531",1.98315866397759,1.9001991301166,4.39196586773994,6.27508752373838,0.216438356164384,1.02376068376068,1
"532",1.50412895150287,1.78705452004811,4.12435184634631,6.25346168180822,0.216438356164384,0.989917355371901,1
"533",1.42707447076774,2.03489813769991,4.02675958222924,6.3395521824385,0.216438356164384,0.95824,1
"534",1.73215552491989,2.49098166143069,4.07974464273309,6.51018463108511,0.216438356164384,0.928527131782946,1
"535",2.22343020057696,3.03025407755815,4.25269750219961,6.74393308376251,0.216438356164384,0.900601503759399,1
"536",2.13284081942514,2.03580293378612,4.53154233325689,6.34408143091618,0.213698630136986,1.03333333333333,1
"537",1.56597206421618,1.82010790611839,4.22183282252188,6.2899354836562,0.213698630136986,0.999173553719008,1
"538",1.36109939547442,1.97413117749193,4.08034877569675,6.34711444733079,0.213698630136986,0.9672,1
"539",1.57729818365679,2.37552494450353,4.09209366825275,6.49318027945221,0.213698630136986,0.937209302325581,1
"540",2.03515579322714,2.88807017548506,4.22993679668229,6.70678973116444,0.213698630136986,0.909022556390977,1
"541",1.79651910259873,2.029907927855,4.51127337158587,6.43540005862077,0.205479452054795,1.02034188034188,1
"542",1.31313962251098,1.96634612249503,4.27105406969412,6.42698442821655,0.205479452054795,0.986611570247934,1
"543",1.28304759360694,2.22656325269612,4.19476548745129,6.52178126238687,0.205479452054795,0.95504,1
"544",1.65552680372919,2.67372870376047,4.26123245408057,6.6972267508303,0.205479452054795,0.925426356589147,1
"545",2.19089103765219,3.19980893126564,4.44036643856545,6.93275374828789,0.205479452054795,0.897593984962406,1
"546",1.8776272337661,2.11552454170682,4.60558203913332,6.49018122666737,0.202739726027397,1.02615384615385,1
"547",1.32956845006693,1.99348027740794,4.34092846034378,6.46278316355111,0.202739726027397,0.992231404958678,1
"548",1.21099793354514,2.20194880970524,4.23927694377625,6.54059580314205,0.202739726027397,0.96048,1
"549",1.53790137690342,2.61727595367335,4.28188592460132,6.70146635627744,0.202739726027397,0.930697674418605,1
"550",2.06203799211699,3.12627285981587,4.44050378344545,6.92488710186127,0.202739726027397,0.902706766917293,1
"551",1.58003775789611,2.06164629834387,4.5145877062546,6.50674435537134,0.2,1.01179487179487,1
"552",1.17308234333008,2.0901341808545,4.3196812870023,6.52690896059304,0.2,0.978347107438017,1
"553",1.27831180924877,2.40541416678894,4.28423156065658,6.64478662444358,0.2,0.94704,1
"554",1.73907932735943,2.87468781606118,4.38370884194871,6.83797514443433,0.2,0.917674418604651,1
"555",2.31179742061811,3.40674683537784,4.58700594132665,7.08655536173934,0.2,0.890075187969925,1
"556",1.71332956092483,2.15228512151858,4.63007620698763,6.56197620028046,0.197260273972603,1.02068376068376,1
"557",1.19537700622784,2.09172509757552,4.39594029830405,6.55349732441247,0.197260273972603,0.986942148760331,1
"558",1.16124278694069,2.33761751514464,4.32156669225065,6.64634860716897,0.197260273972603,0.95536,1
"559",1.56257872032281,2.76670814261608,4.38593369293596,6.81851780385204,0.197260273972603,0.925736434108527,1
"560",2.12138414785711,3.27785832871446,4.56008581613651,7.04997751667059,0.197260273972603,0.897894736842105,1
"561",1.76650255370363,2.22206737766104,4.70677125061713,6.61251325089252,0.194520547945205,1.02478632478632,1
"562",1.19817469402158,2.1230289415809,4.45641173975262,6.59100894567483,0.194520547945205,0.990909090909091,1
"563",1.09497439158411,2.33342717949895,4.36494652704868,6.67203558711672,0.194520547945205,0.9592,1
"564",1.46800030492841,2.73905070187882,4.41293341004992,6.83389396391725,0.194520547945205,0.929457364341085,1
"565",2.02313755036491,3.23661343274745,4.57267749280705,7.05664047172175,0.194520547945205,0.901503759398496,1
"566",1.93968304255456,2.44241714299781,4.93724718254067,6.77035799388088,0.186301369863014,1.03641025641026,1
"567",1.25113690693137,2.24436678931403,4.64362916757022,6.71249489346945,0.186301369863014,1.00214876033058,1
"568",0.938044794181416,2.35358675414752,4.50568696267275,6.76005619453552,0.186301369863014,0.97008,1
"569",1.20080318388661,2.68613567362101,4.50802793712759,6.89233657006688,0.186301369863014,0.94,1
"570",1.74165193821263,3.13905993732065,4.6265943193517,7.08977054009214,0.186301369863014,0.911729323308271,1
"571",2.24240227172798,2.64161363052793,5.13369471389542,6.86785499098022,0.183561643835616,1.05059829059829,1
"572",1.47667965923769,2.32734063454223,4.78356677558399,6.76431152839414,0.183561643835616,1.01586776859504,1
"573",0.961171825918296,2.31595435043713,4.58707139519259,6.77078440553583,0.183561643835616,0.98336,1
"574",0.991554945552289,2.55972226190419,4.53345892772946,6.86759229037925,0.183561643835616,0.952868217054264,1
"575",1.45995871259693,2.96002666284051,4.60274099980339,7.03542796144932,0.183561643835616,0.924210526315789,1
"576",2.42962048045865,2.79322531417383,5.27669972166282,6.95212339737658,0.180821917808219,1.05931623931624,1
"577",1.62746810398886,2.41755128058014,4.89483903272383,6.82098219612132,0.180821917808219,1.02429752066116,1
"578",1.01725313210056,2.3333574739252,4.66435358841714,6.80201790921771,0.180821917808219,0.99152,1
"579",0.88306119029283,2.51557628138646,4.57693495600315,6.87632728194101,0.180821917808219,0.96077519379845,1
"580",1.28486307605318,2.87563701453651,4.61517172862808,7.02494923157328,0.180821917808219,0.93187969924812,1
"581",2.79220503591184,3.06352908482706,5.52059706231374,7.08699074895086,0.178082191780822,1.07504273504273,1
"582",1.9466004783295,2.58730701593666,5.08239906602793,6.90564721965091,0.178082191780822,1.0395041322314,1
"583",1.23031345575065,2.37706699142912,4.79135069863789,6.84017564762598,0.178082191780822,1.00624,1
"584",0.8219614087103,2.44292320386959,4.64305172569959,6.87315531420712,0.178082191780822,0.975038759689922,1
"585",1.01584838045699,2.72216379422346,4.62460195231906,6.98636460094832,0.178082191780822,0.945714285714286,1
"586",2.44630176229078,2.88994431580553,5.37367208043503,7.04481221234444,0.175342465753425,1.06136752136752,1
"587",1.62497861342354,2.51143432432089,4.99014908438264,6.90916262764347,0.175342465753425,1.02628099173554,1
"588",0.973935067763394,2.41484954320027,4.75594725624228,6.88495788398296,0.175342465753425,0.99344,1
"589",0.790640139556695,2.57853430919722,4.66279659893048,6.95363973280926,0.175342465753425,0.962635658914729,1
"590",1.19840690601771,2.92097017450115,4.69383997133693,7.09657984653762,0.175342465753425,0.933684210526316,1
"591",2.53696904627253,3.06879006719483,5.54962951304221,7.19765689739831,0.167123287671233,1.06683760683761,1
"592",1.68606114589955,2.67022853255746,5.15468712683498,7.04778824093557,0.167123287671233,1.03157024793388,1
"593",0.965429793774917,2.53807858749344,4.90575791317432,7.00897238691628,0.167123287671233,0.99856,1
"594",0.645367726479053,2.65950101336308,4.79521909844414,7.06332799177659,0.167123287671233,0.967596899224806,1
"595",1.02884807123171,2.96524206351561,4.80758423975152,7.1927793229038,0.167123287671233,0.938496240601504,1
"596",2.20958395702954,2.93435750512326,5.428736746367,7.17167527768552,0.164383561643836,1.05401709401709,1
"597",1.37926946940813,2.63076782974276,5.08573968883928,7.06356754891707,0.164383561643836,1.01917355371901,1
"598",0.72883367657763,2.59952550272838,4.88948919987918,7.06197691996755,0.164383561643836,0.98656,1
"599",0.700887569832606,2.80186649702691,4.82877429206647,7.14819129133076,0.164383561643836,0.955968992248062,1
"600",1.24633490876325,3.15868616816692,4.88489182821371,7.30395284280364,0.164383561643836,0.927218045112782,1
"601",1.98300301154532,2.87323778635289,5.36858830314282,7.17592632572552,0.161643835616438,1.04529914529915,1
"602",1.16746697098806,2.63929217062497,5.06271107494661,7.09602817155645,0.161643835616438,1.01074380165289,1
"603",0.593896762260424,2.67458162407039,4.90297568293428,7.1190527337889,0.161643835616438,0.9784,1
"604",0.794207679503391,2.92488414924742,4.87562145402956,7.22589624280621,0.161643835616438,0.948062015503876,1
"605",1.40486184483857,3.30964450880702,4.96002332785312,7.39835078189078,0.161643835616438,0.919548872180451,1
"606",1.99448229858518,2.92152716952864,5.41692962713911,7.22132873498183,0.158904109589041,1.04632478632479,1
"607",1.16839209846726,2.68392374754104,5.10963034157584,7.13899084565561,0.158904109589041,1.01173553719008,1
"608",0.562937460667332,2.71185727889112,4.94751482365722,7.1593172139242,0.158904109589041,0.97936,1
"609",0.749491033015196,2.95357722986634,4.91697746760141,7.26336729228387,0.158904109589041,0.948992248062016,1
"610",1.36949436718783,3.33081987800838,4.99772130408711,7.43307380714989,0.158904109589041,0.920451127819549,1
"611",1.72585432055037,2.86255839726275,5.34916064449481,7.2270219532581,0.156164383561644,1.03589743589744,1
"612",0.921108464765368,2.70781978062643,5.08602014973483,7.17745637283365,0.156164383561644,1.00165289256198,1
"613",0.473584238822408,2.80983013868772,4.9665950317332,7.22615060665745,0.156164383561644,0.9696,1
"614",0.917904172882126,3.10271079144703,4.97440453861819,7.35383209706601,0.156164383561644,0.93953488372093,1
"615",1.57664222930239,3.50948687335897,5.08722327304348,7.54258844186326,0.156164383561644,0.911278195488722,1
"616",1.71430145902231,2.98880627417267,5.47394485826957,7.3551999651828,0.147945205479452,1.03692307692308,1
"617",0.879718416895625,2.83504378928248,5.21370801995861,7.30421862186215,0.147945205479452,1.00264462809917,1
"618",0.346256111592008,2.92773864425205,5.09429028110992,7.35013212560289,0.147945205479452,0.97056,1
"619",0.844122621631978,3.20605808764455,5.09934075739763,7.47406521710041,0.147945205479452,0.94046511627907,1
"620",1.5276859973313,3.59827142503723,5.20729700053466,7.65850054449008,0.147945205479452,0.91218045112782,1
"621",1.41887419222928,2.95019086076411,5.41200362218102,7.36867695040715,0.145205479452055,1.02547008547009,1
"622",0.606895095056797,2.88342816991523,5.19954931636767,7.35217168931153,0.145205479452055,0.991570247933884,1
"623",0.413427095545655,3.04824966520868,5.1251672385428,7.427598362001,0.145205479452055,0.95984,1
"624",1.07952309678208,3.37468064597794,5.16977733021959,7.57591434191891,0.145205479452055,0.930077519379845,1
"625",1.77225880606773,3.79471981157485,5.31028539107866,7.77989639868637,0.145205479452055,0.902105263157895,1
"626",1.44231533956893,2.99870000833473,5.46248368369257,7.41338941677499,0.142465753424658,1.02683760683761,1
"627",0.615037910377154,2.92357456039208,5.24655366613622,7.39324834764096,0.142465753424658,0.992892561983471,1
"628",0.361925699567274,3.07841542234676,5.1679501625726,7.46503705002649,0.142465753424658,0.96112,1
"629",1.04009534061375,3.39574951145255,5.20793755252483,7.60986466085343,0.142465753424658,0.931317829457364,1
"630",1.7375535790509,3.8086333666026,5.34380379779574,7.810611730634,0.142465753424658,0.903308270676692,1
"631",1.64346291828411,3.09432654822825,5.57380730958384,7.47549848405642,0.13972602739726,1.03521367521368,1
"632",0.790976982419221,2.96089068460861,5.32697121277338,7.43121679457608,0.13972602739726,1.00099173553719,1
"633",0.225781385092744,3.06242371346832,5.2178500757856,7.48150868045276,0.13972602739726,0.96896,1
"634",0.845030719150029,3.33979139643054,5.22960650658477,7.60779725164135,0.13972602739726,0.938914728682171,1
"635",1.54856859660796,3.72611524920879,5.3408795952504,7.79296713278638,0.13972602739726,0.910676691729323,1
"636",2.11561760455945,3.30442060278992,5.80005838440253,7.58443776201469,0.136986301369863,1.05418803418803,1
"637",1.23620778111021,3.04337625346191,5.48328277513866,7.48446650800572,0.136986301369863,1.01933884297521,1
"638",0.433207580354916,3.02151836556596,5.30464854673818,7.48502732224655,0.136986301369863,0.98672,1
"639",0.420550028929128,3.20184769357294,5.25150570607745,7.56836234369237,0.136986301369863,0.956124031007752,1
"640",1.1254873249148,3.52229979495196,5.3057598340006,7.71745695542947,0.136986301369863,0.927368421052632,1
"641",2.21910344607373,3.46602144390562,5.9618878502243,7.72869265948796,0.128767123287671,1.05880341880342,1
"642",1.33087313833374,3.18689972102825,5.63573484494817,7.61754382957673,0.128767123287671,1.02380165289256,1
"643",0.500717137757153,3.13832565923704,5.44535404314067,7.60666222109423,0.128767123287671,0.99104,1
"644",0.286437547929843,3.28913960878156,5.3787194734539,7.67876680032703,0.128767123287671,0.96031007751938,1
"645",1.01645950009173,3.583176374498,5.41871004910519,7.81722350287593,0.128767123287671,0.931428571428571,1
"646",2.18589233746417,3.49048312441758,5.9861155523655,7.76442565123084,0.126027397260274,1.05760683760684,1
"647",1.29829513064414,3.22268125314368,5.66677447440814,7.65764946691749,0.126027397260274,1.02264462809917,1
"648",0.467539207058911,3.18285873896922,5.48241739193612,7.65022409402511,0.126027397260274,0.98992,1
"649",0.311912989902487,3.33856601736753,5.42066743646781,7.72489546309684,0.126027397260274,0.95922480620155,1
"650",1.04424385547995,3.63421792660793,5.46425016608747,7.86512529498068,0.126027397260274,0.930375939849624,1
"651",2.08840593919737,3.48972858676849,5.98385771567642,7.78945230382689,0.123287671232877,1.05384615384615,1
"652",1.20416037489979,3.24914166825482,5.680551041331,7.69446772479475,0.123287671232877,1.01900826446281,1
"653",0.377380783631174,3.23371596726662,5.51132574670722,7.69712583513483,0.123287671232877,0.9864,1
"654",0.402134985196608,3.4071850093557,5.46296701989817,7.78009724261965,0.123287671232877,0.955813953488372,1
"655",1.13099542297475,3.71361148110334,5.51765623234082,7.92692496808739,0.123287671232877,0.927067669172932,1
"656",2.26073332009748,3.59814028696345,6.09395334630153,7.8608335051678,0.120547945205479,1.06068376068376,1
"657",1.37138338926681,3.31887250932127,5.76849409956238,7.74677557534871,0.120547945205479,1.02561983471074,1
"658",0.541458422360912,3.26233321039487,5.57654389773141,7.73189915391185,0.120547945205479,0.9928,1
"659",0.257143298240474,3.39938333559756,5.50610748654802,7.79924915975265,0.120547945205479,0.962015503875969,1
"660",0.98302562965283,3.6779740830922,5.54050232608603,7.93252832057614,0.120547945205479,0.933082706766917,1
"661",2.22128071568138,3.61924161305619,6.11465943610995,7.89493032409036,0.117808219178082,1.0591452991453,1
"662",1.33449884648722,3.35296130675122,5.79709006667754,7.78618468326535,0.117808219178082,1.02413223140496,1
"663",0.51117699070851,3.30702582292338,5.61225060323479,7.77562640204416,0.117808219178082,0.99136,1
"664",0.307093290560749,3.45077009263758,5.54775598621778,7.84631131601602,0.117808219178082,0.96062015503876,1
"665",1.02359231696195,3.73244754143382,5.58672674350955,7.98202995114034,0.117808219178082,0.931729323308271,1
"666",1.95336267027176,3.63259047884085,6.11954233367154,7.97546847666023,0.10958904109589,1.04837606837607,1
"667",1.0861257841711,3.4413970354047,5.84719057992724,7.89970672544464,0.10958904109589,1.01371900826446,1
"668",0.339493480568639,3.46123033275151,5.70455126698088,7.91722501595911,0.10958904109589,0.98128,1
"669",0.591392402842006,3.65259081378513,5.67708111736636,8.01094541041258,0.10958904109589,0.950852713178295,1
"670",1.28765273254863,3.96342793213407,5.7465921413012,8.16493531412808,0.10958904109589,0.922255639097744,1
"671",1.91395717854687,3.65770062163071,6.14190122372274,8.0110437197903,0.106849315068493,1.04666666666667,1
"672",1.0538293292694,3.47957781584,5.87776205471644,7.9407200035713,0.106849315068493,1.01206611570248,1
"673",0.345720362835897,3.509385213205,5.74235884255876,7.96261967851316,0.106849315068493,0.97968,1
"674",0.647165750067862,3.70675913715452,5.72081583795735,8.05970636262525,0.106849315068493,0.949302325581395,1
"675",1.33585050148318,4.02032912903004,5.79482631451605,8.21615659234287,0.106849315068493,0.920751879699248,1
"676",1.3829656152985,3.56343611706204,6.0035169243252,7.99796831289345,0.104109589041096,1.02512396694215,1
"677",0.607644019474518,3.51703641005112,5.82314099094805,7.98628362759267,0.104109589041096,0.99232,1
"678",0.427049274361164,3.64995580554811,5.75923700030409,8.05396349487546,0.104109589041096,0.961550387596899,1
"679",1.0579640363435,3.91536023214988,5.79531783815292,8.18530193081492,0.104109589041096,0.932631578947368,1
"680",1.41169151044918,3.60830981287933,6.04935038529833,8.0413944768156,0.101369863013699,1.02595041322314,1
"681",0.646254686760582,3.55815711843394,5.86762770669282,8.02785666843914,0.101369863013699,0.99312,1
"682",0.450477099041372,3.68594325373357,5.80177501563489,8.09353167670294,0.101369863013699,0.962325581395349,1
"683",1.05615395306396,3.94595034981767,5.83546800635323,8.2228142143002,0.101369863013699,0.933383458646617,1
"684",2.03226019372953,3.80921795519651,6.29566721832168,8.15017117205661,0.0986301369863014,1.05076923076923,1
"685",1.18270097297896,3.61458542376367,6.02324655137525,8.07034617159192,0.0986301369863014,1.01603305785124,1
"686",0.501536348424832,3.62243598168949,5.87772111022648,8.08256182972539,0.0986301369863014,0.98352,1
"687",0.643405188967172,3.79655913602602,5.84479629230556,8.17015390912982,0.0986301369863014,0.953023255813954,1
"688",1.28822514485342,4.08911595489823,5.90692731186541,8.31758895447039,0.0986301369863014,0.924360902255639,1
"689",1.33319493406342,3.75351980698411,6.17358907066462,8.20176813066186,0.0904109589041096,1.02066115702479,1
"690",0.666731352578673,3.73705432226315,6.01606267986157,8.20285366720423,0.0904109589041096,0.988,1
"691",0.666444431721101,3.88583636177942,5.97007005019378,8.27969493146064,0.0904109589041096,0.957364341085271,1
"692",1.24364799031713,4.155541553406,6.01884487383304,8.41704085957651,0.0904109589041096,0.928571428571429,1
"693",2.58529117483312,4.16742301748639,6.66328521453571,8.40857122424744,0.0876712328767123,1.07196581196581,1
"694",1.72088806182669,3.86748958374351,6.32770638252316,8.27328653251739,0.0876712328767123,1.03652892561983,1
"695",0.971642959088892,3.76410099732859,6.11768402777619,8.23417201282318,0.0876712328767123,1.00336,1
"696",0.583808286026438,3.83632222267345,6.02190536521507,8.27556339371289,0.0876712328767123,0.972248062015504,1
"697",0.954615267129568,4.04607127297267,6.02561185120313,8.38240035739667,0.0876712328767123,0.943007518796993,1
"698",1.82783467687871,3.93220563521473,6.39906321469503,8.32545309663715,0.0849315068493151,1.0404958677686,1
"699",1.07340731247713,3.80874154853445,6.1774190794102,8.27655284010346,0.0849315068493151,1.0072,1
"700",0.630912064852978,3.86120943201771,6.06998817387561,8.30895399148761,0.0849315068493151,0.975968992248062,1
"701",0.914008864906291,4.05380205336503,6.06253264205874,8.4077306429998,0.0849315068493151,0.946616541353383,1
"702",2.52586173176981,4.20973972443936,6.70483828279991,8.47516455112341,0.0821917808219178,1.06888888888889,1
"703",1.67761473780707,3.93254258827308,6.38387594943129,8.35009558080977,0.0821917808219178,1.03355371900826,1
"704",0.967097824060236,3.84845407011051,6.18708547056385,8.31941887084392,0.0821917808219178,1.00048,1
"705",0.674025211303601,3.93427162001687,6.10255754008769,8.36747798033092,0.0821917808219178,0.969457364341085,1
"706",1.06451013647438,4.15176145390497,6.11520934889078,8.47934648170737,0.0821917808219178,0.940300751879699,1
"707",2.56853038607117,4.26154730858917,6.75678196165723,8.5228902436133,0.0794520547945206,1.07025641025641,1
"708",1.72335479868414,3.98040600775043,6.43354451254348,8.39496273775434,0.0794520547945206,1.03487603305785,1
"709",1.01819354426841,3.8906022495829,6.2339207504969,8.36131943674167,0.0794520547945206,1.00176,1
"710",0.712928456052022,3.9697187884229,6.14611692322253,8.40641294421298,0.0794520547945206,0.970697674418605,1
"711",1.07023718822397,4.18054392238426,6.15523582971496,8.51541067907358,0.0794520547945206,0.941503759398496,1
"712",2.51797002493361,4.34127486891114,6.83427416873848,8.62989828721497,0.0712328767123288,1.06683760683761,1
"713",1.69983826508132,4.08680832215228,6.5285834521754,8.51368812907094,0.0712328767123288,1.03157024793388,1
"714",1.05463619509004,4.01836778304139,6.34441629282756,8.48945317839328,0.0712328767123288,0.99856,1
"715",0.849690958056179,4.11140544924816,6.26933457399131,8.54172090807979,0.0712328767123288,0.967596899224806,1
"716",1.2172677592901,4.32910000410926,6.28816612719279,8.65587692625153,0.0712328767123288,0.938496240601504,1
"717",2.2000151961866,4.25885037537292,6.73887422964075,8.61424021243221,0.0684931506849315,1.05282051282051,1
"718",1.4342878322125,4.07968365783278,6.48102572318692,8.53589775874909,0.0684931506849315,1.01801652892562,1
"719",0.931215535937917,4.08169175738891,6.34254548177738,8.54509903019666,0.0684931506849315,0.98544,1
"720",0.997151305932911,4.23307784199968,6.3091653729811,8.62609445015338,0.0684931506849315,0.954883720930233,1
"721",1.48693470842237,4.49434516812454,6.36441815273401,8.76434828359904,0.0684931506849315,0.926165413533835,1
"722",1.80332254157933,4.18320665725534,6.62968427538986,8.60371225534307,0.0657534246575342,1.03452991452991,1
"723",1.14647367266148,4.10221320561359,6.43429637944203,8.57324855248918,0.0657534246575342,1.0003305785124,1
"724",0.931057102022518,4.19118930947423,6.3542914832683,8.62420069862927,0.0657534246575342,0.96832,1
"725",1.28359966918743,4.41120863034419,6.37321449571273,8.74066845265382,0.0657534246575342,0.938294573643411,1
"726",1.85493903156334,4.72196802863527,6.47329838269544,8.90839235291414,0.0657534246575342,0.910075187969925,1
"727",1.90132186781885,4.24281522072628,6.69608852467672,8.65383680326411,0.063013698630137,1.03811965811966,1
"728",1.23228238450185,4.14437887546424,6.49029962802082,8.61461493222222,0.063013698630137,1.00380165289256,1
"729",0.965255915027578,4.21647222102657,6.39996686991685,8.65754956467114,0.063013698630137,0.97168,1
"730",1.26102979154059,4.42186685009487,6.40907650008153,8.76684873291606,0.063013698630137,0.941550387596899,1
"731",1.80991802613673,4.72093100943761,6.50020508653691,8.92828605313039,0.063013698630137,0.913233082706767,1
"732",1.88799871507287,4.27552555319768,6.72433904505326,8.6920914786726,0.0602739726027397,1.0365811965812,1
"733",1.24174744322404,4.18647024610443,6.52517742231226,8.65719080327122,0.0602739726027397,1.00231404958678,1
"734",1.0100666474927,4.26528202663349,6.44045665185431,8.7035427752633,0.0602739726027397,0.97024,1
"735",1.31764678526413,4.47467617958642,6.45402600826638,8.81542760279143,0.0602739726027397,0.94015503875969,1
"736",1.86350865834861,4.77559632979416,6.54847121578287,8.97872751821203,0.0602739726027397,0.91187969924812,1
"737",2.06038204147145,4.42575296795626,6.88196479026095,8.83019216377412,0.0520547945205479,1.0417094017094,1
"738",1.41443419077282,4.31486201110022,6.67065574630668,8.78361287063405,0.0520547945205479,1.00727272727273,1
"739",1.13348240711683,4.36988197844484,6.5728377888583,8.81867233215315,0.0520547945205479,0.97504,1
"740",1.35299526234502,4.55646046185031,6.57300124975088,8.91992708288438,0.0520547945205479,0.944806201550388,1
"741",1.84870410494502,4.83743164340396,6.65435893139949,9.07343966015877,0.0520547945205479,0.916390977443609,1
"742",2.18708095053302,4.4959987971612,6.96031711855738,8.88571120403087,0.0493150684931507,1.04666666666667,1
"743",1.52139431829064,4.36195902510654,6.73462277595454,8.82712125835998,0.0493150684931507,1.01206611570248,1
"744",1.18415574183942,4.39472720086671,6.62271546077643,8.8512691471038,0.0493150684931507,0.97968,1
"745",1.33239186060459,4.56197854080299,6.60962564446812,8.94283301488187,0.0493150684931507,0.949302325581395,1
"746",1.79171644164223,4.82741523948268,6.67897716767983,9.0879002807586,0.0493150684931507,0.920751879699248,1
"747",2.34380900163708,4.57843272079783,7.0517479278705,8.9473375377534,0.0465753424657534,1.05299145299145,1
"748",1.6537081822724,4.41502696157175,6.80753341224245,8.87331359805136,0.0465753424657534,1.01818181818182,1
"749",1.25213333132968,4.41951967317607,6.67755278149308,8.88347826982974,0.0465753424657534,0.9856,1
"750",1.31036766158526,4.56214373535828,6.64750958090529,8.96265901079606,0.0465753424657534,0.955038759689922,1
"751",1.71896278131923,4.80776706477623,6.70154131788698,9.09696929095042,0.0465753424657534,0.926315789473684,1
"752",2.06825960766015,4.53253560359388,6.97951006936811,8.94853460077748,0.0438356164383562,1.03880341880342,1
"753",1.47574779691633,4.44024211858472,6.78204842251225,8.91047383715396,0.0438356164383562,1.00446280991736,1
"754",1.26083190838368,4.50754497955982,6.69552488371206,8.95196399734903,0.0438356164383562,0.97232,1
"755",1.49950538191469,4.70035182161024,6.70423182767247,9.0577753595976,0.0438356164383562,0.942170542635659,1
"756",1.98389786916772,4.98297183969585,6.79150357676594,9.2142524470893,0.0438356164383562,0.913834586466165,1
"757",1.42783677014714,4.48464000413381,6.79606837524901,8.95554471158789,0.0410958904109589,0.997355371900826,1
"758",1.32142432959149,4.58272449433818,6.73201951098575,9.0127171140752,0.0410958904109589,0.96544,1
"759",1.63253183095115,4.7988527319816,6.76023464266414,9.13159685766564,0.0410958904109589,0.935503875968992,1
"760",2.14055150547463,5.09781616804727,6.86379198989227,9.29873052835867,0.0410958904109589,0.907368421052632,1
"761",1.59331924960684,4.60920362337197,6.93884097496477,9.08008505245871,0.0328767123287671,1.00231404958678,1
"762",1.4331924082642,4.68486200599602,6.86193353916559,9.12632045924276,0.0328767123287671,0.97024,1
"763",1.67474652368002,4.87983659375935,6.87719992060886,9.23496665533474,0.0328767123287671,0.94015503875969,1
"764",2.13867542133884,5.16033756114999,6.96825569757723,9.39271410837265,0.0328767123287671,0.91187969924812,1
"765",2.04209874105437,4.70183873398303,7.12333023705022,9.1415130209296,0.0301369863013699,1.03042735042735,1
"766",1.57118965441526,4.65480828845201,6.95900630116509,9.12548178850854,0.0301369863013699,0.996363636363636,1
"767",1.49372785883896,4.75505776331566,6.9005088416475,9.18452697375686,0.0301369863013699,0.96448,1
"768",1.78873435194551,4.96854560721918,6.93163711005633,9.30379738880168,0.0301369863013699,0.934573643410853,1
"769",2.271708440231,5.26198057840719,7.03585476334784,9.47016922950755,0.0301369863013699,0.906466165413534,1
"770",2.05939204494806,4.74085299154003,7.15945186491312,9.18242296259733,0.0273972602739726,1.02974358974359,1
"771",1.60441192111444,4.69780534748122,6.99847589515674,9.16829791277886,0.0273972602739726,0.995702479338843,1
"772",1.5385985038517,4.8002591035596,6.94253992661135,9.2286776569473,0.0273972602739726,0.96384,1
"773",1.83377188493114,5.01445011590116,6.97544798141515,9.34878960304084,0.0273972602739726,0.933953488372093,1
"774",2.31254636489057,5.30754897442561,7.08074373656265,9.51559865796311,0.0273972602739726,0.905864661654135,1
"775",1.64496681411976,4.73995587167841,7.04064625687077,9.21048617682105,0.0246575342465753,0.995867768595041,1
"776",1.57988342719113,4.84122484519395,6.98482415389682,9.27043942361165,0.0246575342465753,0.964,1
"777",1.86789096554538,5.05345577608605,7.01735307664382,9.3898977134099,0.0246575342465753,0.934108527131783,1
"778",2.33927657057667,5.344249335596,7.12188630402442,9.55589710728781,0.0246575342465753,0.906015037593985,1
"779",1.93583519731957,4.79198794901639,7.17402163723156,9.25266865859603,0.0219178082191781,1.01794871794872,1
"780",1.6157228928381,4.80337978576815,7.05156523519545,9.26642370789437,0.0219178082191781,0.984297520661157,1
"781",1.69381751923506,4.94948116394208,7.02969702897123,9.35027432256242,0.0219178082191781,0.9528,1
"782",2.06732011066084,5.19579345419308,7.09155629022287,9.48968964883524,0.0219178082191781,0.923255813953488,1
"783",2.5728961361341,5.51094834692513,7.22058474793812,9.67204662725189,0.0219178082191781,0.895488721804511,1
"784",1.89562069676953,4.90533557040429,7.24377414831917,9.37533183357645,0.0136986301369863,1.00615384615385,1
"785",1.72584609531697,4.96782151596242,7.15956182446072,9.41581211150497,0.0136986301369863,0.972892561983471,1
"786",1.92228571222447,5.15255488101264,7.17050462385187,9.52163992706962,0.0136986301369863,0.94176,1
"787",2.34583943240509,5.42568298938414,7.25939447878084,9.67868976426688,0.0136986301369863,0.912558139534884,1
"788",2.86427290513806,5.75808281456717,7.40988405227298,9.87487322723545,0.0136986301369863,0.885112781954887,1
"789",1.95123769763238,4.94824342312061,7.29206675523375,9.41756510491259,0.010958904109589,1.00786324786325,1
"790",1.76722923686061,5.00347308783623,7.2035329335291,9.45431879336677,0.010958904109589,0.974545454545454,1
"791",1.94401030801948,5.18128480090543,7.21014465449428,9.55666676520061,0.010958904109589,0.94336,1
"792",2.35244834733355,5.44828601047003,7.29486273421314,9.71053020567907,0.010958904109589,0.914108527131783,1
"793",2.86160078332435,5.77552406435546,7.4414653459403,9.90384067148199,0.010958904109589,0.886616541353383,1
"794",1.82629098188342,5.01272156905465,7.26296315645833,9.47677901838601,0.00821917808219178,0.985123966942149,1
"795",1.89187390414214,5.15156812414562,7.24069175589454,9.55807755804786,0.00821917808219178,0.9536,1
"796",2.22985000602211,5.38764588127508,7.29992814108959,9.69395181061336,0.00821917808219178,0.924031007751938,1
"797",2.70349636194388,5.69144560197541,7.42468077141111,9.87211333100738,0.00821917808219178,0.896240601503759,1
"798",1.86282337869878,5.05920061902968,7.30157298528726,9.521706440756,0.00547945205479452,0.983471074380165,1
"799",1.94503723193627,5.20327200082116,7.28423731364459,9.60611383523472,0.00547945205479452,0.952,1
"800",2.28849924981954,5.4425445357018,7.34733651991548,9.74434406323852,0.00547945205479452,0.922480620155039,1
"801",2.76184545095301,5.7479813052919,7.4749599361828,9.92421950580953,0.00547945205479452,0.894736842105263,1
"802",1.9640796394099,5.07838063094759,7.37452644530362,9.54889119839914,0.00273972602739726,0.99603305785124,1
"803",1.91585034182318,5.17524684673815,7.32279808582539,9.6079285605805,0.00273972602739726,0.96416,1
"804",2.16453438174405,5.37634285323015,7.35530420009041,9.72436989722823,0.00273972602739726,0.934263565891473,1
"805",2.58634677516718,5.65239800184311,7.45648836190776,9.88581486376617,0.00273972602739726,0.906165413533835,1
