x,y,z
0.720547945205479,1.06854700854701,0.0893866720193925
0.720547945205479,1.03322314049587,0.0665422478691076
0.720547945205479,1.00016,0.048282881680069
0.720547945205479,0.969147286821705,0.034137606343938
0.720547945205479,0.94,0.0235219969337429
0.717808219178082,1.05777777777778,0.0818165221510694
0.717808219178082,1.02280991735537,0.0601599924995539
0.717808219178082,0.99008,0.0430713585062961
0.717808219178082,0.95937984496124,0.0300197768627189
0.717808219178082,0.930526315789474,0.020373428824652
0.715068493150685,1.05418803418803,0.0780611471437316
0.715068493150685,1.01933884297521,0.0567215892335148
0.715068493150685,0.98672,0.040038169495694
0.715068493150685,0.956124031007752,0.0274484657684602
0.715068493150685,0.927368421052632,0.0182801208304641
0.701369863013699,1.06410256410256,0.0835709378677972
0.701369863013699,1.02892561983471,0.0609418743757015
0.701369863013699,0.996,0.0431127371271911
0.701369863013699,0.965116279069767,0.0295744236811969
0.701369863013699,0.93609022556391,0.0196731813937062
0.698630136986301,1.07076923076923,0.088046231629396
0.698630136986301,1.03537190082645,0.0646082463205152
0.698630136986301,1.00224,0.0460011804838729
0.698630136986301,0.971162790697674,0.0317608869825352
0.698630136986301,0.941954887218045,0.0212637986673942
0.695890410958904,1.06905982905983,0.0867187043338832
0.695890410958904,1.03371900826446,0.0634620976676496
0.695890410958904,1.00064,0.0450461670617091
0.695890410958904,0.969612403100775,0.03099457795691
0.695890410958904,0.940451127819549,0.0206722204168064
0.693150684931507,1.06683760683761,0.0850279884477488
0.693150684931507,1.03157024793388,0.0620142748432011
0.693150684931507,0.99856,0.0438504024942717
0.693150684931507,0.967596899224806,0.0300439969450818
0.693150684931507,0.938496240601504,0.0199454123298976
0.684931506849315,1.07606837606838,0.0918731192781936
0.684931506849315,1.0404958677686,0.0677953932432798
0.684931506849315,1.0072,0.0485592383655458
0.684931506849315,0.975968992248062,0.0337372130593317
0.684931506849315,0.946616541353383,0.022733074269623
0.682191780821918,1.08051282051282,0.0951688571428746
0.682191780821918,1.04479338842975,0.0705836147306217
0.682191780821918,1.01136,0.0508353514668946
0.682191780821918,0.98,0.0355274095956877
0.682191780821918,0.950526315789474,0.0240888000295267
0.679452054794521,1.07538461538462,0.0906314979930753
0.679452054794521,1.0398347107438,0.0665232885093518
0.679452054794521,1.00656,0.0473248925831584
0.679452054794521,0.975348837209302,0.0326055038968338
0.679452054794521,0.946015037593985,0.0217521545213966
0.676712328767123,1.07008547008547,0.0862113946692879
0.676712328767123,1.03471074380165,0.0626483032575558
0.676712328767123,1.0016,0.0440500777564047
0.676712328767123,0.970542635658915,0.0299458441403949
0.676712328767123,0.941353383458647,0.0196797755521241
0.673972602739726,1.08273504273504,0.0964410474065319
0.673972602739726,1.04694214876033,0.071530562226183
0.673972602739726,1.01344,0.0514915459022264
0.673972602739726,0.982015503875969,0.035945034439315
0.673972602739726,0.952481203007519,0.0243270281215777
0.665753424657534,1.07452991452991,0.0897354189034804
0.665753424657534,1.03900826446281,0.0656610197673395
0.665753424657534,1.00576,0.0465316777313962
0.665753424657534,0.974573643410853,0.031910541127041
0.665753424657534,0.945263157894737,0.0211729945019279
0.663013698630137,1.07025641025641,0.0862281011167359
0.663013698630137,1.03487603305785,0.0626028709742332
0.663013698630137,1.00176,0.0439628635736777
0.663013698630137,0.970697674418605,0.0298381015952767
0.663013698630137,0.941503759398496,0.0195696740712318
0.66027397260274,1.0591452991453,0.0787808353593269
0.66027397260274,1.02413223140496,0.0565439479804689
0.66027397260274,0.99136,0.0392409483097915
0.66027397260274,0.96062015503876,0.0263168741841439
0.66027397260274,0.931729323308271,0.0170564318600177
0.657534246575342,1.06068376068376,0.0797394022653291
0.657534246575342,1.02561983471074,0.0572985256887767
0.657534246575342,0.9928,0.0398075227513951
0.657534246575342,0.962015503875969,0.0267222533912979
0.657534246575342,0.933082706766917,0.0173329390618175
0.654794520547945,1.07179487179487,0.0858769264602121
0.654794520547945,1.03636363636364,0.0618483708471385
0.654794520547945,1.0032,0.0429518706887437
0.654794520547945,0.972093023255814,0.0287316650267098
0.654794520547945,0.942857142857143,0.0185064242385256
0.646575342465753,1.06239316239316,0.0791439094757509
0.646575342465753,1.02727272727273,0.056277428463885
0.646575342465753,0.9944,0.0385445820296504
0.646575342465753,0.963565891472868,0.0254043364034163
0.646575342465753,0.934586466165414,0.016110195833627
0.643835616438356,1.06837606837607,0.0824758015518265
0.643835616438356,1.03305785123967,0.0587203227393672
0.643835616438356,1,0.0402027188415117
0.643835616438356,0.968992248062015,0.0264358163467367
0.643835616438356,0.93984962406015,0.0166893495375502
0.641095890410959,1.07623931623932,0.0876514552470732
0.641095890410959,1.04066115702479,0.0627952371443939
0.641095890410959,1.00736,0.0432321397371244
0.641095890410959,0.976124031007752,0.0285577723307261
0.641095890410959,0.946766917293233,0.0180884089504825
0.638356164383562,1.06991452991453,0.0823293272957581
0.638356164383562,1.03454545454545,0.0581690839586332
0.638356164383562,1.00144,0.0393905675812547
0.638356164383562,0.970387596899225,0.0255249204966066
0.638356164383562,0.941203007518797,0.0158180333514001
0.635616438356164,1.06820512820513,0.0809959647815136
0.635616438356164,1.03289256198347,0.0570403759547789
0.635616438356164,0.99984,0.0384807727939825
0.635616438356164,0.968837209302326,0.0248293211545302
0.635616438356164,0.939699248120301,0.0153144529076453
0.624657534246575,1.05982905982906,0.073235901193152
0.624657534246575,1.02479338842975,0.0501353146707808
0.624657534246575,0.992,0.0326536852695495
0.624657534246575,0.961240310077519,0.0201970858005249
0.624657534246575,0.932330827067669,0.0118559943458093
0.621917808219178,1.04957264957265,0.0657765154588859
0.621917808219178,1.01487603305785,0.044102899820387
0.621917808219178,0.9824,0.0280595556435631
0.621917808219178,0.951937984496124,0.0169132426370612
0.621917808219178,0.923308270676692,0.00965500000555904
0.619178082191781,1.06188034188034,0.0754163513504457
0.619178082191781,1.02677685950413,0.0521236237012435
0.619178082191781,0.99392,0.0343648610318892
0.619178082191781,0.963100775193798,0.0215758869813113
0.619178082191781,0.934135338345865,0.0128928009756762
0.616438356164384,1.06205128205128,0.0754710036633845
0.616438356164384,1.02694214876033,0.0521390095246008
0.616438356164384,0.99408,0.03435206382661
0.616438356164384,0.963255813953488,0.0215476756681103
0.616438356164384,0.934285714285714,0.0128602137906836
0.608219178082192,1.05948717948718,0.0723234030250571
0.608219178082192,1.02446280991736,0.0491375539832911
0.608219178082192,0.99168,0.031675502136447
0.608219178082192,0.96093023255814,0.0193330890630713
0.608219178082192,0.93203007518797,0.0111638821505377
0.605479452054794,1.07111111111111,0.0806906168304231
0.605479452054794,1.03570247933884,0.0558253763097479
0.605479452054794,1.00256,0.036689055275918
0.605479452054794,0.971472868217054,0.0228456815189989
0.605479452054794,0.942255639097744,0.0134620054598579
0.602739726027397,1.06991452991453,0.0788812486004906
0.602739726027397,1.03454545454545,0.0539831274538544
0.602739726027397,1.00144,0.0349527412641322
0.602739726027397,0.970387596899225,0.0213463703576944
0.602739726027397,0.941203007518797,0.0122788924663553
0.6,1.07299145299145,0.081021896364925
0.6,1.03752066115702,0.0556343964799993
0.6,1.00432,0.0361293713490855
0.6,0.973178294573643,0.0221169581514297
0.6,0.94390977443609,0.0127414887303059
0.597260273972603,1.06666666666667,0.0760978463858191
0.597260273972603,1.03140495867769,0.051580226835923
0.597260273972603,0.9984,0.0330026487969517
0.597260273972603,0.967441860465116,0.0198710625827298
0.597260273972603,0.938345864661654,0.0112429202946856
0.589041095890411,1.06444444444444,0.0733335949269769
0.589041095890411,1.02925619834711,0.0488883017748737
0.589041095890411,0.99632,0.0305791879231481
0.589041095890411,0.965426356589147,0.0178795754483295
0.589041095890411,0.936390977443609,0.00975530558108615
0.586301369863014,1.06820512820513,0.0761065235819458
0.586301369863014,1.03289256198347,0.0510726507081866
0.586301369863014,0.99984,0.0321694015863949
0.586301369863014,0.968837209302326,0.0189435377726221
0.586301369863014,0.939699248120301,0.0104084847965488
0.583561643835616,1.06581196581197,0.0742377599653272
0.583561643835616,1.03057851239669,0.049543701082345
0.583561643835616,0.9976,0.0310066427003865
0.583561643835616,0.966666666666667,0.0181273881074567
0.583561643835616,0.937593984962406,0.00988133808092996
0.580821917808219,1.06803418803419,0.0746836190946125
0.580821917808219,1.03272727272727,0.049323652706898
0.580821917808219,0.99968,0.0303347151392778
0.580821917808219,0.968682170542636,0.0172843903392454
0.580821917808219,0.939548872180451,0.00910007220519982
0.578082191780822,1.06871794871795,0.0745283583674596
0.578082191780822,1.03338842975207,0.0488531809391702
0.578082191780822,1.00032,0.029681205857282
0.578082191780822,0.969302325581395,0.0166149078160256
0.578082191780822,0.94015037593985,0.00854204526341434
0.56986301369863,1.06222222222222,0.0695390588797341
0.56986301369863,1.02710743801653,0.0448862022520803
0.56986301369863,0.99424,0.0268008914692188
0.56986301369863,0.963410852713178,0.0147217842287432
0.56986301369863,0.934436090225564,0.00741934886682111
0.567123287671233,1.05641025641026,0.0652879053309815
0.567123287671233,1.02148760330579,0.0416112519997763
0.567123287671233,0.9888,0.0245093288768013
0.567123287671233,0.958139534883721,0.0132756459173474
0.567123287671233,0.929323308270677,0.00659796405228394
0.564383561643836,1.03094017094017,0.0521194232780251
0.564383561643836,0.996859504132231,0.0330747970814854
0.564383561643836,0.96496,0.0197285088816121
0.564383561643836,0.935038759689922,0.011046756217524
0.564383561643836,0.906917293233083,0.00580748320485028
0.561643835616438,1.03282051282051,0.0526105986372572
0.561643835616438,0.998677685950413,0.0332325892669993
0.561643835616438,0.96672,0.0196769981907492
0.561643835616438,0.936744186046512,0.0109038517911182
0.561643835616438,0.908571428571429,0.00565500318599563
0.558904109589041,1.01299145299145,0.0447143496844322
0.558904109589041,0.979504132231405,0.0283902513108667
0.558904109589041,0.94816,0.0170982692356078
0.558904109589041,0.918759689922481,0.00976686245255452
0.558904109589041,0.891127819548872,0.0052961675924952
0.547945205479452,1.01521367521368,0.0443186730111531
0.547945205479452,0.981652892561984,0.0276981967729553
0.547945205479452,0.95024,0.0163285638357816
0.547945205479452,0.92077519379845,0.00907650538382602
0.547945205479452,0.893082706766917,0.00476121140287061
0.545205479452055,1.0025641025641,0.0375400712490329
0.545205479452055,0.969421487603306,0.0228207126245414
0.545205479452055,0.9384,0.0130635255860749
0.545205479452055,0.909302325581395,0.00704280102766353
0.545205479452055,0.881954887218045,0.00358030145374443
0.542465753424658,1.01726495726496,0.0468580293421016
0.542465753424658,0.983636363636364,0.0298997096211554
0.542465753424658,0.95216,0.0180888735326511
0.542465753424658,0.922635658914729,0.0103729485518367
0.542465753424658,0.894887218045113,0.00564245911919325
0.53972602739726,1.02358974358974,0.0508375114217907
0.53972602739726,0.989752066115702,0.0329481384416572
0.53972602739726,0.95808,0.0202820333224454
0.53972602739726,0.928372093023256,0.0118532861374801
0.53972602739726,0.900451127819549,0.00658054527697951
0.531506849315069,1.02837606837607,0.0536777424774369
0.531506849315069,0.994380165289256,0.0350791313188669
0.531506849315069,0.96256,0.0217828009469693
0.531506849315069,0.932713178294574,0.0128450259939822
0.531506849315069,0.904661654135338,0.00719611601045721
0.528767123287671,1.02837606837607,0.0529585721672192
0.528767123287671,0.994380165289256,0.0343398769146826
0.528767123287671,0.96256,0.0211068151295663
0.528767123287671,0.932713178294574,0.0122886361697369
0.528767123287671,0.904661654135338,0.00677976011427919
0.526027397260274,1.03897435897436,0.0602510891763992
0.526027397260274,1.00462809917355,0.0400967351249703
0.526027397260274,0.97248,0.0253815344643067
0.526027397260274,0.942325581395349,0.015268097835311
0.526027397260274,0.913984962406015,0.00872879618471665
0.523287671232877,1.03470085470085,0.0573941493404298
0.523287671232877,1.0004958677686,0.0378526884955827
0.523287671232877,0.96848,0.0237222728162392
0.523287671232877,0.938449612403101,0.014115315643292
0.523287671232877,0.910225563909774,0.00797619437358854
0.520547945205479,1.04307692307692,0.0631507411002437
0.520547945205479,1.00859504132231,0.0424102151074029
0.520547945205479,0.97632,0.027123032803257
0.520547945205479,0.946046511627907,0.0165018932003699
0.520547945205479,0.917593984962406,0.00955115369413936
0.512328767123288,1.03111111111111,0.0548753582541205
0.512328767123288,0.99702479338843,0.0358375083023421
0.512328767123288,0.96512,0.022206596744112
0.512328767123288,0.935193798449612,0.0130461123391411
0.512328767123288,0.907067669172932,0.00726896739798417
0.50958904109589,1.03931623931624,0.0602680270747016
0.50958904109589,1.00495867768595,0.0400276248278226
0.50958904109589,0.9728,0.0252665311109518
0.50958904109589,0.942635658914729,0.015142930118236
0.50958904109589,0.914285714285714,0.00861754990761023
0.506849315068493,1.04119658119658,0.0613934495599342
0.506849315068493,1.00677685950413,0.0408672410890076
0.506849315068493,0.97456,0.0258519880432243
0.506849315068493,0.944341085271318,0.0155240513953516
0.506849315068493,0.91593984962406,0.00884933839152966
0.504109589041096,1.03555555555556,0.0571705596639856
0.504109589041096,1.00132231404959,0.0374394912026765
0.504109589041096,0.96928,0.0232352392326385
0.504109589041096,0.93922480620155,0.0136516567642611
0.504109589041096,0.910977443609023,0.00759459595744417
0.501369863013699,1.03282051282051,0.0553415516823365
0.501369863013699,0.998677685950413,0.0360120965121155
0.501369863013699,0.96672,0.0221908947469475
0.501369863013699,0.936744186046512,0.0129367408284566
0.501369863013699,0.908571428571429,0.00713666892336551
0.493150684931507,1.01641025641026,0.0458312674248888
0.493150684931507,0.982809917355372,0.0289612082923044
0.493150684931507,0.95136,0.0173089365556523
0.493150684931507,0.921860465116279,0.00978103630723144
0.493150684931507,0.894135338345865,0.00522996706555765
0.49041095890411,1.00478632478632,0.039697295788678
0.49041095890411,0.971570247933884,0.0245436044440299
0.49041095890411,0.94048,0.014340802714559
0.49041095890411,0.911317829457364,0.00791986515253667
0.49041095890411,0.88390977443609,0.00413870948551031
0.487671232876712,1.01094017094017,0.0429427057628685
0.487671232876712,0.977520661157025,0.0268789263134429
0.487671232876712,0.94624,0.0159091860669908
0.487671232876712,0.916899224806202,0.00890331492736014
0.487671232876712,0.889323308270677,0.00471559256487986
0.484931506849315,1.00615384615385,0.0398109231310822
0.484931506849315,0.972892561983471,0.0244845831025353
0.484931506849315,0.94176,0.0142012852852544
0.484931506849315,0.912558139534884,0.00776808637081297
0.484931506849315,0.885112781954887,0.00401175120555749
0.482191780821918,0.983760683760684,0.0314412272835481
0.482191780821918,0.951239669421488,0.0190760359386749
0.482191780821918,0.9208,0.010983279594854
0.482191780821918,0.892248062015504,0.00600639803010106
0.482191780821918,0.865413533834586,0.00312483561862248
0.473972602739726,0.991452991452991,0.0355800960114937
0.473972602739726,0.958677685950413,0.0221071607337935
0.473972602739726,0.928,0.0130693878241224
0.473972602739726,0.89922480620155,0.00735631817267444
0.473972602739726,0.87218045112782,0.00394773193096347
0.471232876712329,0.995213675213675,0.0371014879520302
0.471232876712329,0.962314049586777,0.0231377930908234
0.471232876712329,0.93152,0.0137220339982514
0.471232876712329,0.902635658914729,0.00774312888311081
0.471232876712329,0.875488721804511,0.00416277968525511
0.468493150684932,1.00700854700855,0.0438182652578578
0.468493150684932,0.973719008264463,0.0281755579887899
0.468493150684932,0.94256,0.0172841514113792
0.468493150684932,0.913333333333333,0.0101177722475446
0.468493150684932,0.885864661654135,0.00565743899004453
0.465753424657534,0.997094017094017,0.0386295694401287
0.465753424657534,0.964132231404959,0.0243561555692959
0.465753424657534,0.93328,0.0146323245509529
0.465753424657534,0.904341085271318,0.00838016394433042
0.465753424657534,0.877142857142857,0.00458103120383084
0.454794520547945,1.01606837606838,0.0495997362342179
0.454794520547945,0.982479338842975,0.0326668547059529
0.454794520547945,0.95104,0.0205863114537441
0.454794520547945,0.921550387596899,0.0124141169256112
0.454794520547945,0.893834586466165,0.00716905003207863
0.452054794520548,1.01299145299145,0.047773134987287
0.452054794520548,0.979504132231405,0.0312635100461518
0.452054794520548,0.94816,0.0195649536543478
0.452054794520548,0.918759689922481,0.0117100697343332
0.452054794520548,0.891127819548872,0.00670891762791468
0.449315068493151,1.00752136752137,0.0439259001959997
0.449315068493151,0.974214876033058,0.028203764334551
0.449315068493151,0.94304,0.0172666677192563
0.449315068493151,0.913798449612403,0.0100813110898377
0.449315068493151,0.886315789473684,0.00561909329636602
0.446575342465753,1.01384615384615,0.0476025991425847
0.446575342465753,0.980330578512397,0.0309869694866316
0.446575342465753,0.94896,0.0192566779484985
0.446575342465753,0.91953488372093,0.0114251385298792
0.446575342465753,0.89187969924812,0.00647718872923272
0.443835616438356,1.01196581196581,0.0463411977266375
0.443835616438356,0.978512396694215,0.0299926055210426
0.443835616438356,0.9472,0.0185164461065336
0.443835616438356,0.917829457364341,0.0109052758247456
0.443835616438356,0.890225563909774,0.00613251972008401
0.435616438356164,1.01982905982906,0.0507806577093847
0.435616438356164,0.986115702479339,0.0333183483745395
0.435616438356164,0.95456,0.0208682163464878
0.435616438356164,0.924961240310078,0.0124752841850617
0.435616438356164,0.897142857142857,0.00712332947734221
0.432876712328767,1.01299145299145,0.0469412253570926
0.432876712328767,0.979504132231405,0.0304378517369528
0.432876712328767,0.94816,0.0188286209764267
0.432876712328767,0.918759689922481,0.0111120714778964
0.432876712328767,0.891127819548872,0.00626210695639308
0.43013698630137,1.02683760683761,0.0558906238201381
0.43013698630137,0.992892561983471,0.0374466252065336
0.43013698630137,0.96112,0.0240273186381393
0.43013698630137,0.931317829457364,0.0147613987917066
0.43013698630137,0.903308270676692,0.00868789140380154
0.427397260273973,1.04153846153846,0.066119118391595
0.427397260273973,1.00710743801653,0.0457053219407956
0.427397260273973,0.97488,0.0303750380846956
0.427397260273973,0.944651162790698,0.0193994343434835
0.427397260273973,0.916240601503759,0.0119094746245375
0.424657534246575,1.05128205128205,0.0729053999985846
0.424657534246575,1.01652892561983,0.0512187221053872
0.424657534246575,0.984,0.0346520250592153
0.424657534246575,0.953488372093023,0.0225629021611433
0.424657534246575,0.924812030075188,0.0141403976942192
0.416438356164384,1.05350427350427,0.0741053436797783
0.416438356164384,1.01867768595041,0.0520865956129659
0.416438356164384,0.98608,0.0352360346881159
0.416438356164384,0.955503875968992,0.0229259183819074
0.416438356164384,0.926766917293233,0.0143466728764359
0.413698630136986,1.05589743589744,0.0755201041670557
0.413698630136986,1.02099173553719,0.0531599433654232
0.413698630136986,0.98832,0.0360039452967748
0.413698630136986,0.957674418604651,0.0234430611423028
0.413698630136986,0.928872180451128,0.0146742427922816
0.410958904109589,1.05230769230769,0.0728469153213555
0.410958904109589,1.01752066115702,0.0509382434984949
0.410958904109589,0.98496,0.0342404859031609
0.410958904109589,0.954418604651163,0.0221093144439698
0.410958904109589,0.925714285714286,0.0137136343864914
0.408219178082192,1.05863247863248,0.0744934446012587
0.408219178082192,1.02363636363636,0.0514197262649011
0.408219178082192,0.99088,0.0338902811430945
0.408219178082192,0.96015503875969,0.0212969314430672
0.408219178082192,0.931278195488722,0.0127547893804432
0.405479452054795,1.06478632478632,0.0789780587234178
0.405479452054795,1.0295867768595,0.0550536474811032
0.405479452054795,0.99664,0.0366771356600396
0.405479452054795,0.965736434108527,0.0233140109702961
0.405479452054795,0.936691729323308,0.0141319294755219
0.397260273972603,1.06102564102564,0.0743838793387912
0.397260273972603,1.02595041322314,0.0506824196931359
0.397260273972603,0.99312,0.0327755599526913
0.397260273972603,0.962325581395349,0.0200736796218
0.397260273972603,0.933383458646617,0.01163417850331
0.394520547945205,1.06649572649573,0.0781622667097664
0.394520547945205,1.03123966942149,0.0536207059161373
0.394520547945205,0.99824,0.0349068369847289
0.394520547945205,0.967286821705426,0.0215108800254579
0.394520547945205,0.938195488721804,0.0125347475912926
0.391780821917808,1.05452991452991,0.0699948516988818
0.391780821917808,1.0196694214876,0.0472701973019771
0.391780821917808,0.98704,0.0302966327137809
0.391780821917808,0.956434108527132,0.0183950985521622
0.391780821917808,0.927669172932331,0.0105748470177913
0.389041095890411,1.05811965811966,0.071624451143168
0.389041095890411,1.02314049586777,0.0482299732969555
0.389041095890411,0.9904,0.0307277953016035
0.389041095890411,0.95968992248062,0.0184803234462289
0.389041095890411,0.930827067669173,0.010482888668982
0.386301369863014,1.05384615384615,0.067687021858603
0.386301369863014,1.01900826446281,0.0448032344680568
0.386301369863014,0.9864,0.0279352269254035
0.386301369863014,0.955813953488372,0.0163667014611474
0.386301369863014,0.927067669172932,0.00900236183974884
0.375342465753425,1.07880341880342,0.0882173167245089
0.375342465753425,1.04314049586777,0.0620503551714956
0.375342465753425,1.00976,0.0415861137369457
0.375342465753425,0.978449612403101,0.0264859380288434
0.375342465753425,0.949022556390977,0.0160088051651698
0.372602739726027,1.08017094017094,0.0892060835135974
0.372602739726027,1.04446280991736,0.0628276904522039
0.372602739726027,1.01104,0.0421560582910204
0.372602739726027,0.97968992248062,0.0268738441259721
0.372602739726027,0.950225563909774,0.0162532619688374
0.36986301369863,1.07709401709402,0.0864292474116136
0.36986301369863,1.04148760330579,0.0603726760302684
0.36986301369863,1.00816,0.0400966883955848
0.36986301369863,0.976899224806202,0.0252484538699362
0.36986301369863,0.947518796992481,0.0150519726779602
0.367123287671233,1.0825641025641,0.090649633705012
0.367123287671233,1.04677685950413,0.0638199627521813
0.367123287671233,1.01328,0.0427427935669477
0.367123287671233,0.981860465116279,0.0271484326352885
0.367123287671233,0.952330827067669,0.0163257491904369
0.358904109589041,1.08358974358974,0.0910580151913601
0.358904109589041,1.04776859504132,0.0639523633379814
0.358904109589041,1.01424,0.0426541897419302
0.358904109589041,0.982790697674419,0.0269248821222785
0.358904109589041,0.953233082706767,0.0160548959652501
0.356164383561644,1.08290598290598,0.0898539465335832
0.356164383561644,1.04710743801653,0.0626428805252686
0.356164383561644,1.0136,0.0413424033060292
0.356164383561644,0.982170542635659,0.0257297678669055
0.356164383561644,0.952631578947368,0.0150676296945581
0.353424657534247,1.08273504273504,0.0894792189918328
0.353424657534247,1.04694214876033,0.0622113717078634
0.353424657534247,1.01344,0.040894102897711
0.353424657534247,0.982015503875969,0.0253127427866893
0.353424657534247,0.952481203007519,0.0147199219627132
0.350684931506849,1.07504273504273,0.0834559463910024
0.350684931506849,1.0395041322314,0.0572941255020062
0.350684931506849,1.00624,0.0371473075159935
0.350684931506849,0.975038759689922,0.0226638400500488
0.350684931506849,0.945714285714286,0.0129867950390535
0.347945205479452,1.07435897435897,0.0826853717453592
0.347945205479452,1.03884297520661,0.0565533382683193
0.347945205479452,1.0056,0.0364814539190743
0.347945205479452,0.974418604651163,0.0221122494579206
0.347945205479452,0.945112781954887,0.0125684374874088
0.33972602739726,1.07435897435897,0.0823893543740443
0.33972602739726,1.03884297520661,0.0561545646922188
0.33972602739726,1.0056,0.0360366692976619
0.33972602739726,0.974418604651163,0.0216871946634788
0.33972602739726,0.945112781954887,0.0122133294342956
0.336986301369863,1.07641025641026,0.0828422471286678
0.336986301369863,1.04082644628099,0.0559473250848483
0.336986301369863,1.00752,0.035350786576
0.336986301369863,0.976279069767442,0.020789328972161
0.336986301369863,0.946917293233083,0.0113455637799122
0.334246575342466,1.09042735042735,0.0942923474275189
0.334246575342466,1.05438016528926,0.0653366037458823
0.334246575342466,1.02064,0.0424707369036214
0.334246575342466,0.988992248062015,0.0257370883675768
0.334246575342466,0.959248120300752,0.0144828455616954
0.331506849315069,1.08786324786325,0.092057214247254
0.331506849315069,1.05190082644628,0.0634130071306731
0.331506849315069,1.01824,0.040924933298158
0.331506849315069,0.986666666666667,0.0245912125832623
0.331506849315069,0.956992481203008,0.0137048838195264
0.328767123287671,1.09111111111111,0.0946324475494884
0.328767123287671,1.05504132231405,0.0654548796417239
0.328767123287671,1.02128,0.0423976947667594
0.328767123287671,0.989612403100775,0.0255459134278079
0.328767123287671,0.95984962406015,0.0142567457402104
0.320547945205479,1.08324786324786,0.0860436221546906
0.320547945205479,1.04743801652893,0.0570435218838429
0.320547945205479,1.01392,0.0347152964231456
0.320547945205479,0.982480620155039,0.0191954870743866
0.320547945205479,0.952932330827068,0.00958142755695818
0.317808219178082,1.08529914529915,0.0876890502336987
0.317808219178082,1.04942148760331,0.0583046735839963
0.317808219178082,1.01584,0.0355617974833621
0.317808219178082,0.984341085271318,0.0196814614381553
0.317808219178082,0.954736842105263,0.0098151194832822
0.315068493150685,1.09504273504273,0.0963805676520658
0.315068493150685,1.05884297520661,0.0656991450454606
0.315068493150685,1.02496,0.0413164814129794
0.315068493150685,0.993178294573643,0.0237000966822316
0.315068493150685,0.963308270676692,0.0123051892472826
0.312328767123288,1.10632478632479,0.106515231860454
0.312328767123288,1.0697520661157,0.0743732434192075
0.312328767123288,1.03552,0.0481180518375913
0.312328767123288,1.00341085271318,0.0284894629102405
0.312328767123288,0.973233082706767,0.0152974163291732
0.30958904109589,1.11538461538462,0.114863158106686
0.30958904109589,1.07851239669421,0.0816897609720811
0.30958904109589,1.044,0.054043594868716
0.30958904109589,1.01162790697674,0.0328264059006295
0.30958904109589,0.981203007518797,0.0181246299835027
0.298630136986301,1.11162393162393,0.110724026969219
0.298630136986301,1.07487603305785,0.0771962498282713
0.298630136986301,1.04048,0.0493229272734134
0.298630136986301,1.00821705426357,0.0283410837179883
0.298630136986301,0.977894736842105,0.0144336434042473
0.295890410958904,1.11145299145299,0.110521253189037
0.295890410958904,1.07471074380165,0.0769337392757886
0.295890410958904,1.04032,0.0490024303858035
0.295890410958904,1.00806201550388,0.0280060759019475
0.295890410958904,0.977744360902256,0.0141462108828849
0.293150684931507,1.09965811965812,0.0996649300392615
0.293150684931507,1.06330578512397,0.0675460650410068
0.293150684931507,1.02928,0.041679816036874
0.293150684931507,0.997364341085271,0.0230133867963991
0.293150684931507,0.967368421052632,0.0112289080079158
0.29041095890411,1.1017094017094,0.101515288984853
0.29041095890411,1.06528925619835,0.0690817365485633
0.29041095890411,1.0312,0.042805278713327
0.29041095890411,0.99922480620155,0.0237184800150464
0.29041095890411,0.969172932330827,0.011598387531373
0.282191780821918,1.10786324786325,0.10721990819937
0.282191780821918,1.07123966942149,0.0739712016250649
0.282191780821918,1.03696,0.0465680588922619
0.282191780821918,1.00480620155039,0.0262358190406567
0.282191780821918,0.974586466165414,0.0130334306205318
0.279452054794521,1.09538461538462,0.0958711231660865
0.279452054794521,1.05917355371901,0.0643102593009591
0.279452054794521,1.02528,0.0392053256560867
0.279452054794521,0.993488372093023,0.0213632772979958
0.279452054794521,0.963609022556391,0.0102849389194337
0.276712328767123,1.0957264957265,0.0960090630949613
0.276712328767123,1.0595041322314,0.0642279585872875
0.276712328767123,1.0256,0.0389135510161912
0.276712328767123,0.993798449612403,0.0209693599755542
0.276712328767123,0.96390977443609,0.00992286941072774
0.273972602739726,1.08649572649573,0.0874667360180107
0.273972602739726,1.05057851239669,0.0568117773520507
0.273972602739726,1.01696,0.033102930821881
0.273972602739726,0.985426356589147,0.0169909708530457
0.273972602739726,0.955789473684211,0.00758964743336642
0.271232876712329,1.07145299145299,0.0742488007140126
0.271232876712329,1.03603305785124,0.0460006117520202
0.271232876712329,1.00288,0.0253171009818335
0.271232876712329,0.971782945736434,0.0121829778028106
0.271232876712329,0.942556390977444,0.00507797930745857
0.263013698630137,1.06923076923077,0.0719483846171176
0.263013698630137,1.03388429752066,0.0438236053248299
0.263013698630137,1.0008,0.0234893466681963
0.263013698630137,0.969767441860465,0.0108853032571402
0.263013698630137,0.940601503759399,0.00431646548797028
0.26027397260274,1.06615384615385,0.0692704501817312
0.26027397260274,1.03090909090909,0.0416650469547052
0.26027397260274,0.99792,0.0219781824622407
0.26027397260274,0.966976744186047,0.00999210087932804
0.26027397260274,0.937894736842105,0.00387673623644983
0.257534246575342,1.05264957264957,0.0586178171589412
0.257534246575342,1.01785123966942,0.0338253257539994
0.257534246575342,0.98528,0.0170893741906611
0.257534246575342,0.954728682170543,0.0074609211386041
0.257534246575342,0.926015037593985,0.00279692957314061
0.254794520547945,1.06444444444444,0.0685975200785081
0.254794520547945,1.02925619834711,0.0416784400112627
0.254794520547945,0.99632,0.0224714013614509
0.254794520547945,0.965426356589147,0.0106033313445601
0.254794520547945,0.936390977443609,0.00434515835020167
0.252054794520548,1.04837606837607,0.056326345413476
0.252054794520548,1.01371900826446,0.0326932191805019
0.252054794520548,0.98128,0.0168138337781787
0.252054794520548,0.950852713178295,0.00758685795618042
0.252054794520548,0.922255639097744,0.0029904874244074
0.243835616438356,1.05299145299145,0.0595808427246438
0.243835616438356,1.01818181818182,0.034915506762178
0.243835616438356,0.9856,0.0180915666065217
0.243835616438356,0.955038759689922,0.00819496212765271
0.243835616438356,0.926315789473684,0.00322738184598793
0.241095890410959,1.03760683760684,0.0486495724860261
0.241095890410959,1.00330578512397,0.027251397184782
0.241095890410959,0.9712,0.013488922591934
0.241095890410959,0.941085271317829,0.00585390555026568
0.241095890410959,0.912781954887218,0.00222141139892598
0.238356164383562,1.03076923076923,0.0437494195145081
0.238356164383562,0.996694214876033,0.0237688943223512
0.238356164383562,0.9648,0.0113509679701622
0.238356164383562,0.934883720930233,0.00473151830854298
0.238356164383562,0.906766917293233,0.00171834737660544
0.235616438356164,1.03230769230769,0.0442133477252704
0.235616438356164,0.998181818181818,0.0238351896922837
0.235616438356164,0.96624,0.0112179436671545
0.235616438356164,0.936279069767442,0.00457215269957387
0.235616438356164,0.90812030075188,0.00160994435335115
0.232876712328767,1.03521367521368,0.046116442957435
0.232876712328767,1.00099173553719,0.0250867325700165
0.232876712328767,0.96896,0.0119115427763756
0.232876712328767,0.938914728682171,0.00489328319036603
0.232876712328767,0.910676691729323,0.0017341353369633
0.224657534246575,1.02632478632479,0.040058143397672
0.224657534246575,0.992396694214876,0.020965915057185
0.224657534246575,0.96064,0.00953099591382048
0.224657534246575,0.930852713178295,0.0037359446446968
0.224657534246575,0.902857142857143,0.00126074514979759
0.221917808219178,1.02854700854701,0.0412408021230533
0.221917808219178,0.994545454545455,0.0216289561445083
0.221917808219178,0.96272,0.00982282012503023
0.221917808219178,0.932868217054264,0.00383178910424118
0.221917808219178,0.904812030075188,0.00128129531602269
0.219178082191781,1.0391452991453,0.0467292024970395
0.219178082191781,1.00479338842975,0.0243589746809402
0.219178082191781,0.97264,0.0106950169723329
0.219178082191781,0.942480620155039,0.00389539825872889
0.219178082191781,0.914135338345865,0.00117006275790897
0.216438356164384,1.02376068376068,0.0365350667692205
0.216438356164384,0.989917355371901,0.0179144510722139
0.216438356164384,0.95824,0.00740109291353892
0.216438356164384,0.928527131782946,0.00255136928219952
0.216438356164384,0.900601503759399,0.000732440353358675
0.213698630136986,1.03333333333333,0.0434610227465384
0.213698630136986,0.999173553719008,0.0226233736673755
0.213698630136986,0.9672,0.0100536042800004
0.213698630136986,0.937209302325581,0.00377186286743106
0.213698630136986,0.909022556390977,0.00119040143394364
0.205479452054795,1.02034188034188,0.0346696594749084
0.205479452054795,0.986611570247934,0.0168612331518956
0.205479452054795,0.95504,0.00693171435025517
0.205479452054795,0.925426356589147,0.00238877374585534
0.205479452054795,0.897593984962406,0.000689240222772288
0.202739726027397,1.02615384615385,0.0385326983181416
0.202739726027397,0.992231404958678,0.0193534913986507
0.202739726027397,0.96048,0.00825754505446152
0.202739726027397,0.930697674418605,0.00296450948001925
0.202739726027397,0.902706766917293,0.000893495853260966
0.2,1.01179487179487,0.0300441076431051
0.2,0.978347107438017,0.0142122982366401
0.2,0.94704,0.00570496187442906
0.2,0.917674418604651,0.00193204978758987
0.2,0.890075187969925,0.000552239687649874
0.197260273972603,1.02068376068376,0.0357486411346735
0.197260273972603,0.986942148760331,0.017865789376695
0.197260273972603,0.95536,0.00765137450624137
0.197260273972603,0.925736434108527,0.00278792806785865
0.197260273972603,0.897894736842105,0.000863440432227756
0.194520547945205,1.02478632478632,0.038238198221316
0.194520547945205,0.990909090909091,0.0194056818628888
0.194520547945205,0.9592,0.0084389648184933
0.194520547945205,0.929457364341085,0.00311880499611486
0.194520547945205,0.901503759398496,0.000977890222649117
0.186301369863014,1.03641025641026,0.0464253567284299
0.186301369863014,1.00214876033058,0.024967213826245
0.186301369863014,0.97008,0.0116145516287935
0.186301369863014,0.94,0.00462569907688562
0.186301369863014,0.911729323308271,0.00157156885793491
0.183561643835616,1.05059829059829,0.0576813192366268
0.183561643835616,1.01586776859504,0.0333330511267669
0.183561643835616,0.98336,0.0169511799828106
0.183561643835616,0.952868217054264,0.00749869660428804
0.183561643835616,0.924210526315789,0.00287003079591463
0.180821917808219,1.05931623931624,0.0647676954841972
0.180821917808219,1.02429752066116,0.0387349735559591
0.180821917808219,0.99152,0.020524961443482
0.180821917808219,0.96077519379845,0.00951443068250559
0.180821917808219,0.93187969924812,0.00383274420925849
0.178082191780822,1.07504273504273,0.078132420289814
0.178082191780822,1.0395041322314,0.0493259610843838
0.178082191780822,1.00624,0.0278920806876844
0.178082191780822,0.975038759689922,0.0139200144604358
0.178082191780822,0.945714285714286,0.00607641423931325
0.175342465753425,1.06136752136752,0.0667216355782516
0.175342465753425,1.02628099173554,0.0403957170588026
0.175342465753425,0.99344,0.0217746001837876
0.175342465753425,0.962635658914729,0.0103226911147463
0.175342465753425,0.933684210526316,0.00427579617023865
0.167123287671233,1.06683760683761,0.0710132417467988
0.167123287671233,1.03157024793388,0.0435361277507039
0.167123287671233,0.99856,0.0237355688781581
0.167123287671233,0.967596899224806,0.011346571764407
0.167123287671233,0.938496240601504,0.00471816728093236
0.164383561643836,1.05401709401709,0.0604936744398143
0.164383561643836,1.01917355371901,0.0354451054219506
0.164383561643836,0.98656,0.018325829025012
0.164383561643836,0.955968992248062,0.00826065405050655
0.164383561643836,0.927218045112782,0.0032273493494561
0.161643835616438,1.04529914529915,0.0536457460412529
0.161643835616438,1.01074380165289,0.030352911245205
0.161643835616438,0.9784,0.015060368112962
0.161643835616438,0.948062015503876,0.00648308407666849
0.161643835616438,0.919548872180451,0.00241022444218445
0.158904109589041,1.04632478632479,0.0540229746661173
0.158904109589041,1.01173553719008,0.0304015304919153
0.158904109589041,0.97936,0.0149207604143793
0.158904109589041,0.948992248062016,0.00631090883900117
0.158904109589041,0.920451127819549,0.00228842645998415
0.156164383561644,1.03589743589744,0.0458666870918766
0.156164383561644,1.00165289256198,0.0244382011017281
0.156164383561644,0.9696,0.0112117722292936
0.156164383561644,0.93953488372093,0.00438160782759861
0.156164383561644,0.911278195488722,0.00145319963262703
0.147945205479452,1.03692307692308,0.0460219742446067
0.147945205479452,1.00264462809917,0.0242369220413301
0.147945205479452,0.97056,0.0108857042349539
0.147945205479452,0.94046511627907,0.00411806970091104
0.147945205479452,0.91218045112782,0.0013062616596413
0.145205479452055,1.02547008547009,0.0378170267117658
0.145205479452055,0.991570247933884,0.0187057908746488
0.145205479452055,0.95984,0.00780360214013839
0.145205479452055,0.930077519379845,0.00271795779053343
0.145205479452055,0.902105263157895,0.000788508714714363
0.142465753424658,1.02683760683761,0.0385813930987797
0.142465753424658,0.992892561983471,0.0191253770791668
0.142465753424658,0.96112,0.00798001499199563
0.142465753424658,0.931317829457364,0.00277247348673603
0.142465753424658,0.903308270676692,0.000799879703926743
0.13972602739726,1.03521367521368,0.0445948319566151
0.13972602739726,1.00099173553719,0.023158462283683
0.13972602739726,0.96896,0.0102065010344527
0.13972602739726,0.938914728682171,0.00376988873969638
0.13972602739726,0.910676691729323,0.00116190217476401
0.136986301369863,1.05418803418803,0.0598497964063518
0.136986301369863,1.01933884297521,0.0344035042785326
0.136986301369863,0.98672,0.0172088041922411
0.136986301369863,0.956124031007752,0.00738020864137705
0.136986301369863,0.927368421052632,0.00269369294901966
0.128767123287671,1.05880341880342,0.0632740309746634
0.128767123287671,1.02380165289256,0.0367015237738236
0.128767123287671,0.99104,0.0184485560764651
0.128767123287671,0.96031007751938,0.00789727678734084
0.128767123287671,0.931428571428571,0.00285238480818518
0.126027397260274,1.05760683760684,0.0620454532111936
0.126027397260274,1.02264462809917,0.0355947540773042
0.126027397260274,0.98992,0.0175925548308429
0.126027397260274,0.95922480620155,0.007354672954295
0.126027397260274,0.930375939849624,0.00257578592962633
0.123287671232877,1.05384615384615,0.058571196667777
0.123287671232877,1.01900826446281,0.03273201046018
0.123287671232877,0.9864,0.0155845114210281
0.123287671232877,0.955813953488372,0.00620102338816555
0.123287671232877,0.927067669172932,0.00204212102550388
0.120547945205479,1.06068376068376,0.0642998938828244
0.120547945205479,1.02561983471074,0.0370234999778488
0.120547945205479,0.9928,0.018265006967706
0.120547945205479,0.962015503875969,0.00755864505647184
0.120547945205479,0.933082706766917,0.00259384960501188
0.117808219178082,1.0591452991453,0.0627469838818721
0.117808219178082,1.02413223140496,0.0356350641430774
0.117808219178082,0.99136,0.0172069623796371
0.117808219178082,0.96062015503876,0.00690768372841108
0.117808219178082,0.931729323308271,0.0022779264506545
0.10958904109589,1.04837606837607,0.0530986662880246
0.10958904109589,1.01371900826446,0.0279977381596448
0.10958904109589,0.98128,0.0121881723243132
0.10958904109589,0.950852713178295,0.00427829076085366
0.10958904109589,0.922255639097744,0.00119766984072989
0.106849315068493,1.04666666666667,0.0515303212422929
0.106849315068493,1.01206611570248,0.0267495818825779
0.106849315068493,0.97968,0.0113816439121072
0.106849315068493,0.949302325581395,0.00387445291097699
0.106849315068493,0.920751879699248,0.00104366686794411
0.104109589041096,1.06017094017094,0.0630919792635538
0.104109589041096,1.02512396694215,0.035376527766459
0.104109589041096,0.99232,0.0166033667089636
0.104109589041096,0.961550387596899,0.00634591584306384
0.104109589041096,0.932631578947368,0.00194590607138133
0.101369863013699,1.06102564102564,0.0634873767198101
0.101369863013699,1.02595041322314,0.0353279849043456
0.101369863013699,0.99312,0.0162697387751632
0.101369863013699,0.962325581395349,0.00600849080931995
0.101369863013699,0.933383458646617,0.00174877557345967
0.0986301369863014,1.05076923076923,0.0544136363625316
0.0986301369863014,1.01603305785124,0.0283730424429992
0.0986301369863014,0.98352,0.0119755151485017
0.0986301369863014,0.953023255813954,0.00397012780654254
0.0986301369863014,0.924360902255639,0.00101887215201739
0.0904109589041096,1.05555555555556,0.0578307077888687
0.0904109589041096,1.02066115702479,0.0301516926237299
0.0904109589041096,0.988,0.0124220627282837
0.0904109589041096,0.957364341085271,0.00387917458573022
0.0904109589041096,0.928571428571429,0.00089877820186052
0.0876712328767123,1.07196581196581,0.072905483819633
0.0876712328767123,1.03652892561983,0.0420519059070338
0.0876712328767123,1.00336,0.019890347574103
0.0876712328767123,0.972248062015504,0.00737114196253504
0.0876712328767123,0.943007518796993,0.00208091520032683
0.0849315068493151,1.07606837606838,0.0765364648005878
0.0849315068493151,1.0404958677686,0.0446328438986402
0.0849315068493151,1.0072,0.0211596395667517
0.0849315068493151,0.975968992248062,0.00771530355652885
0.0849315068493151,0.946616541353383,0.00208777228340087
0.0821917808219178,1.06888888888889,0.0696878924614131
0.0821917808219178,1.03355371900826,0.0388754906217525
0.0821917808219178,1.00048,0.0172499666097468
0.0821917808219178,0.969457364341085,0.005756219179206
0.0821917808219178,0.940300751879699,0.00139680074599501
0.0794520547945206,1.07025641025641,0.0709018728584775
0.0794520547945206,1.03487603305785,0.0397112753752511
0.0794520547945206,1.00176,0.0176274829315564
0.0794520547945206,0.970697674418605,0.00583980536319705
0.0794520547945206,0.941503759398496,0.00139210234053731
0.0712328767123288,1.06683760683761,0.0674647708014043
0.0712328767123288,1.03157024793388,0.0364837570226392
0.0712328767123288,0.99856,0.0151522096468862
0.0712328767123288,0.967596899224806,0.00450428595683894
0.0712328767123288,0.938496240601504,0.000919674431498218
0.0684931506849315,1.05282051282051,0.0544812682349411
0.0684931506849315,1.01801652892562,0.0265033284902984
0.0684931506849315,0.98544,0.00949907292297452
0.0684931506849315,0.954883720930233,0.00235667148888586
0.0684931506849315,0.926165413533835,0.000392541940009464
0.0657534246575342,1.03452991452991,0.039071054516074
0.0657534246575342,1.0003305785124,0.0163564549176744
0.0657534246575342,0.96832,0.00488347817638602
0.0657534246575342,0.938294573643411,0.000995562449501865
0.0657534246575342,0.910075187969925,0.000136496492513178
0.063013698630137,1.03811965811966,0.0416386067513186
0.063013698630137,1.00380165289256,0.0176516669869171
0.063013698630137,0.97168,0.0052579544900146
0.063013698630137,0.941550387596899,0.00104452115729829
0.063013698630137,0.913233082706767,0.000135691274656277
0.0602739726027397,1.0365811965812,0.0398383316165949
0.0602739726027397,1.00231404958678,0.0160399126301799
0.0602739726027397,0.97024,0.0043343032684589
0.0602739726027397,0.94015503875969,0.000739541152606903
0.0602739726027397,0.91187969924812,7.79581422755771e-05
0.0520547945205479,1.0417094017094,0.0435915521068177
0.0520547945205479,1.00727272727273,0.0176573598653892
0.0520547945205479,0.97504,0.00455832860002738
0.0520547945205479,0.944806201550388,0.000686831951106726
0.0520547945205479,0.916390977443609,5.83667796274564e-05
0.0493150684931507,1.04666666666667,0.0477695913140448
0.0493150684931507,1.01206611570248,0.0199795765866449
0.0493150684931507,0.97968,0.00520879683362094
0.0493150684931507,0.949302325581395,0.000756635149926362
0.0493150684931507,0.920751879699248,5.84017491010107e-05
0.0465753424657534,1.05299145299145,0.0535607086969727
0.0465753424657534,1.01818181818182,0.0238338066132228
0.0465753424657534,0.9856,0.00667083453925668
0.0465753424657534,0.955038759689922,0.00102724105900794
0.0465753424657534,0.926315789473684,8.17299602597878e-05
0.0438356164383562,1.03880341880342,0.0403316163062474
0.0438356164383562,1.00446280991736,0.0146348432802374
0.0438356164383562,0.97232,0.00297850572296695
0.0438356164383562,0.942170542635659,0.000301418909691448
0.0438356164383562,0.913834586466165,1.45454542103739e-05
0.0410958904109589,1.03145299145299,0.0337002773332597
0.0410958904109589,0.997355371900826,0.0105570504291983
0.0410958904109589,0.96544,0.00169930789747637
0.0410958904109589,0.935503875968992,0.000125209206920011
0.0410958904109589,0.907368421052632,4.09315309236423e-06
0.0328767123287671,1.0365811965812,0.0376219651238528
0.0328767123287671,1.00231404958678,0.0118198548698269
0.0328767123287671,0.97024,0.00168245398356225
0.0328767123287671,0.94015503875969,9.035329021662e-05
0.0328767123287671,0.91187969924812,1.7337076606801e-06
0.0301369863013699,1.03042735042735,0.0318294241389531
0.0301369863013699,0.996363636363636,0.00829290095565235
0.0301369863013699,0.96448,0.0008331631240359
0.0301369863013699,0.934573643410853,2.6701514266132e-05
0.0301369863013699,0.906466165413534,2.61891325069079e-07
0.0273972602739726,1.02974358974359,0.0308591817923316
0.0273972602739726,0.995702479338843,0.00725114025165575
0.0273972602739726,0.96384,0.000549323134722554
0.0273972602739726,0.933953488372093,1.05927443554694e-05
0.0273972602739726,0.905864661654135,4.97288844726659e-08
0.0246575342465753,1.02991452991453,0.030763193122605
0.0246575342465753,0.995867768595041,0.00674320597510265
0.0246575342465753,0.964,0.000404704259793598
0.0246575342465753,0.934108527131783,4.98390428027659e-06
0.0246575342465753,0.906015037593985,1.19875671996168e-08
0.0219178082191781,1.01794871794872,0.0199969907242264
0.0219178082191781,0.984297520661157,0.00242778543353501
0.0219178082191781,0.9528,5.09755178062312e-05
0.0219178082191781,0.923255813953488,1.45704175322682e-07
0.0219178082191781,0.895488721804511,5.7440386497454e-11
0.0136986301369863,1.00615384615385,0.00984889781247023
0.0136986301369863,0.972892561983471,0.000255487582431484
0.0136986301369863,0.94176,2.52703399763767e-07
0.0136986301369863,0.912558139534884,7.84572023154902e-12
0.0136986301369863,0.885112781954887,4.75418951765376e-18
0.010958904109589,1.00786324786325,0.0103921795254414
0.010958904109589,0.974545454545454,0.000178440356893404
0.010958904109589,0.94336,4.70059163089576e-08
0.010958904109589,0.914108527131783,1.45177880463556e-13
0.010958904109589,0.886616541353383,0
0.00821917808219178,1.01880341880342,0.0191313357695123
0.00821917808219178,0.985123966942149,0.000637371376355122
0.00821917808219178,0.9536,1.31864014561476e-07
0.00821917808219178,0.924031007751938,7.58093416503739e-14
0.00821917808219178,0.896240601503759,0
0.00547945205479452,1.01709401709402,0.0172605257069926
0.00547945205479452,0.983471074380165,0.000181548973138751
0.00547945205479452,0.952,5.19157677368459e-10
0.00547945205479452,0.922480620155039,-8.60355100611909e-18
0.00547945205479452,0.894736842105263,0
0.00273972602739726,1.03008547008547,0.0300805544384679
0.00273972602739726,0.99603305785124,0.00130370585893067
0.00273972602739726,0.96416,2.42757688893591e-10
0.00273972602739726,0.934263565891473,0
0.00273972602739726,0.906165413533835,0
